<annotation>
	<folder>images</folder>
	<filename>kangaroo-219.jpg</filename>
	<path>/home/hugo/Documents/projects/tfjs/dataset/images/kangaroo-219.jpg</path>
	<source>
		<database>Unknown</database>
	</source>
	<size>
		<width>1280</width>
		<height>720</height>
		<depth>3</depth>
	</size>
	<segmented>0</segmented>
	<object>
		<name>kangaroo</name>
		<pose>Unspecified</pose>
		<truncated>1</truncated>
		<difficult>0</difficult>
		<bndbox>
			<xmin>550</xmin>
			<ymin>154</ymin>
			<xmax>942</xmax>
			<ymax>720</ymax>
		</bndbox>
	</object>
	<object>
		<name>kangaroo</name>
		<pose>Unspecified</pose>
		<truncated>1</truncated>
		<difficult>0</difficult>
		<bndbox>
			<xmin>82</xmin>
			<ymin>81</ymin>
			<xmax>532</xmax>
			<ymax>720</ymax>
		</bndbox>
	</object>
</annotation>
