<annotation>
	<folder>images</folder>
	<filename>kangaroo-715.jpg</filename>
	<path>/home/hugo/Documents/projects/tfjs/dataset/images/kangaroo-715.jpg</path>
	<source>
		<database>Unknown</database>
	</source>
	<size>
		<width>1000</width>
		<height>500</height>
		<depth>3</depth>
	</size>
	<segmented>0</segmented>
	<object>
		<name>kangaroo</name>
		<pose>Unspecified</pose>
		<truncated>0</truncated>
		<difficult>0</difficult>
		<bndbox>
			<xmin>379</xmin>
			<ymin>251</ymin>
			<xmax>484</xmax>
			<ymax>479</ymax>
		</bndbox>
	</object>
	<object>
		<name>kangaroo</name>
		<pose>Unspecified</pose>
		<truncated>0</truncated>
		<difficult>0</difficult>
		<bndbox>
			<xmin>528</xmin>
			<ymin>253</ymin>
			<xmax>665</xmax>
			<ymax>454</ymax>
		</bndbox>
	</object>
</annotation>
