<annotation>
	<folder>images</folder>
	<filename>kangaroo-259.jpg</filename>
	<path>/home/hugo/Documents/projects/tfjs/dataset/images/kangaroo-259.jpg</path>
	<source>
		<database>Unknown</database>
	</source>
	<size>
		<width>1920</width>
		<height>562</height>
		<depth>3</depth>
	</size>
	<segmented>0</segmented>
	<object>
		<name>kangaroo</name>
		<pose>Unspecified</pose>
		<truncated>1</truncated>
		<difficult>0</difficult>
		<bndbox>
			<xmin>363</xmin>
			<ymin>1</ymin>
			<xmax>823</xmax>
			<ymax>562</ymax>
		</bndbox>
	</object>
	<object>
		<name>kangaroo</name>
		<pose>Unspecified</pose>
		<truncated>1</truncated>
		<difficult>0</difficult>
		<bndbox>
			<xmin>1284</xmin>
			<ymin>112</ymin>
			<xmax>1789</xmax>
			<ymax>562</ymax>
		</bndbox>
	</object>
</annotation>
