<annotation>
	<folder>images</folder>
	<filename>kangaroo-654.jpg</filename>
	<path>/home/hugo/Documents/projects/tfjs/dataset/images/kangaroo-654.jpg</path>
	<source>
		<database>Unknown</database>
	</source>
	<size>
		<width>3408</width>
		<height>2272</height>
		<depth>3</depth>
	</size>
	<segmented>0</segmented>
	<object>
		<name>kangaroo</name>
		<pose>Unspecified</pose>
		<truncated>0</truncated>
		<difficult>0</difficult>
		<bndbox>
			<xmin>1109</xmin>
			<ymin>768</ymin>
			<xmax>1704</xmax>
			<ymax>1821</ymax>
		</bndbox>
	</object>
</annotation>
