<annotation>
	<folder>images</folder>
	<filename>kangaroo-4.jpg</filename>
	<path>/home/hugo/Documents/projects/tfjs/dataset/images/kangaroo-4.jpg</path>
	<source>
		<database>Unknown</database>
	</source>
	<size>
		<width>862</width>
		<height>647</height>
		<depth>3</depth>
	</size>
	<segmented>0</segmented>
	<object>
		<name>kangaroo</name>
		<pose>Unspecified</pose>
		<truncated>0</truncated>
		<difficult>0</difficult>
		<bndbox>
			<xmin>286</xmin>
			<ymin>81</ymin>
			<xmax>795</xmax>
			<ymax>503</ymax>
		</bndbox>
	</object>
</annotation>
