<annotation>
	<folder>images</folder>
	<filename>kangaroo-16.jpg</filename>
	<path>/home/hugo/Documents/projects/tfjs/dataset/images/kangaroo-16.jpg</path>
	<source>
		<database>Unknown</database>
	</source>
	<size>
		<width>3645</width>
		<height>2581</height>
		<depth>3</depth>
	</size>
	<segmented>0</segmented>
	<object>
		<name>kangaroo</name>
		<pose>Unspecified</pose>
		<truncated>0</truncated>
		<difficult>0</difficult>
		<bndbox>
			<xmin>197</xmin>
			<ymin>152</ymin>
			<xmax>3024</xmax>
			<ymax>2384</ymax>
		</bndbox>
	</object>
</annotation>
