<annotation>
	<folder>images</folder>
	<filename>kangaroo-519.jpg</filename>
	<path>/home/hugo/Documents/projects/tfjs/dataset/images/kangaroo-519.jpg</path>
	<source>
		<database>Unknown</database>
	</source>
	<size>
		<width>1024</width>
		<height>684</height>
		<depth>3</depth>
	</size>
	<segmented>0</segmented>
	<object>
		<name>kangaroo</name>
		<pose>Unspecified</pose>
		<truncated>0</truncated>
		<difficult>0</difficult>
		<bndbox>
			<xmin>274</xmin>
			<ymin>161</ymin>
			<xmax>465</xmax>
			<ymax>594</ymax>
		</bndbox>
	</object>
	<object>
		<name>kangaroo</name>
		<pose>Unspecified</pose>
		<truncated>0</truncated>
		<difficult>0</difficult>
		<bndbox>
			<xmin>479</xmin>
			<ymin>231</ymin>
			<xmax>672</xmax>
			<ymax>574</ymax>
		</bndbox>
	</object>
</annotation>
