<annotation>
	<folder>images</folder>
	<filename>kangaroo-48.jpg</filename>
	<path>/home/hugo/Documents/projects/tfjs/dataset/images/kangaroo-48.jpg</path>
	<source>
		<database>Unknown</database>
	</source>
	<size>
		<width>2324</width>
		<height>1660</height>
		<depth>3</depth>
	</size>
	<segmented>0</segmented>
	<object>
		<name>kangaroo</name>
		<pose>Unspecified</pose>
		<truncated>0</truncated>
		<difficult>0</difficult>
		<bndbox>
			<xmin>73</xmin>
			<ymin>475</ymin>
			<xmax>1277</xmax>
			<ymax>914</ymax>
		</bndbox>
	</object>
	<object>
		<name>kangaroo</name>
		<pose>Unspecified</pose>
		<truncated>0</truncated>
		<difficult>0</difficult>
		<bndbox>
			<xmin>663</xmin>
			<ymin>765</ymin>
			<xmax>1444</xmax>
			<ymax>1227</ymax>
		</bndbox>
	</object>
	<object>
		<name>kangaroo</name>
		<pose>Unspecified</pose>
		<truncated>0</truncated>
		<difficult>0</difficult>
		<bndbox>
			<xmin>1344</xmin>
			<ymin>764</ymin>
			<xmax>2297</xmax>
			<ymax>1231</ymax>
		</bndbox>
	</object>
</annotation>
