<annotation>
	<folder>images</folder>
	<filename>kangaroo-472.jpg</filename>
	<path>/home/hugo/Documents/projects/tfjs/dataset/images/kangaroo-472.jpg</path>
	<source>
		<database>Unknown</database>
	</source>
	<size>
		<width>1920</width>
		<height>1285</height>
		<depth>3</depth>
	</size>
	<segmented>0</segmented>
	<object>
		<name>kangaroo</name>
		<pose>Unspecified</pose>
		<truncated>0</truncated>
		<difficult>0</difficult>
		<bndbox>
			<xmin>153</xmin>
			<ymin>373</ymin>
			<xmax>550</xmax>
			<ymax>891</ymax>
		</bndbox>
	</object>
	<object>
		<name>kangaroo</name>
		<pose>Unspecified</pose>
		<truncated>0</truncated>
		<difficult>0</difficult>
		<bndbox>
			<xmin>779</xmin>
			<ymin>439</ymin>
			<xmax>1242</xmax>
			<ymax>1067</ymax>
		</bndbox>
	</object>
	<object>
		<name>kangaroo</name>
		<pose>Unspecified</pose>
		<truncated>0</truncated>
		<difficult>0</difficult>
		<bndbox>
			<xmin>1237</xmin>
			<ymin>552</ymin>
			<xmax>1637</xmax>
			<ymax>1008</ymax>
		</bndbox>
	</object>
</annotation>
