<annotation>
	<folder>images</folder>
	<filename>kangaroo-534.jpg</filename>
	<path>/home/hugo/Documents/projects/tfjs/dataset/images/kangaroo-534.jpg</path>
	<source>
		<database>Unknown</database>
	</source>
	<size>
		<width>962</width>
		<height>828</height>
		<depth>3</depth>
	</size>
	<segmented>0</segmented>
	<object>
		<name>kangaroo</name>
		<pose>Unspecified</pose>
		<truncated>0</truncated>
		<difficult>0</difficult>
		<bndbox>
			<xmin>86</xmin>
			<ymin>231</ymin>
			<xmax>324</xmax>
			<ymax>789</ymax>
		</bndbox>
	</object>
	<object>
		<name>kangaroo</name>
		<pose>Unspecified</pose>
		<truncated>1</truncated>
		<difficult>0</difficult>
		<bndbox>
			<xmin>671</xmin>
			<ymin>16</ymin>
			<xmax>962</xmax>
			<ymax>489</ymax>
		</bndbox>
	</object>
</annotation>
