<annotation>
	<folder>images</folder>
	<filename>kangaroo-257.jpg</filename>
	<path>/home/hugo/Documents/projects/tfjs/dataset/images/kangaroo-257.jpg</path>
	<source>
		<database>Unknown</database>
	</source>
	<size>
		<width>1052</width>
		<height>699</height>
		<depth>3</depth>
	</size>
	<segmented>0</segmented>
	<object>
		<name>kangaroo</name>
		<pose>Unspecified</pose>
		<truncated>0</truncated>
		<difficult>0</difficult>
		<bndbox>
			<xmin>246</xmin>
			<ymin>231</ymin>
			<xmax>455</xmax>
			<ymax>678</ymax>
		</bndbox>
	</object>
	<object>
		<name>kangaroo</name>
		<pose>Unspecified</pose>
		<truncated>0</truncated>
		<difficult>0</difficult>
		<bndbox>
			<xmin>435</xmin>
			<ymin>71</ymin>
			<xmax>667</xmax>
			<ymax>641</ymax>
		</bndbox>
	</object>
	<object>
		<name>kangaroo</name>
		<pose>Unspecified</pose>
		<truncated>0</truncated>
		<difficult>0</difficult>
		<bndbox>
			<xmin>625</xmin>
			<ymin>196</ymin>
			<xmax>909</xmax>
			<ymax>668</ymax>
		</bndbox>
	</object>
</annotation>
