<annotation>
	<folder>images</folder>
	<filename>kangaroo-115.jpg</filename>
	<path>/home/hugo/Documents/projects/tfjs/dataset/images/kangaroo-115.jpg</path>
	<source>
		<database>Unknown</database>
	</source>
	<size>
		<width>976</width>
		<height>790</height>
		<depth>3</depth>
	</size>
	<segmented>0</segmented>
	<object>
		<name>kangaroo</name>
		<pose>Unspecified</pose>
		<truncated>0</truncated>
		<difficult>0</difficult>
		<bndbox>
			<xmin>457</xmin>
			<ymin>301</ymin>
			<xmax>600</xmax>
			<ymax>638</ymax>
		</bndbox>
	</object>
	<object>
		<name>kangaroo</name>
		<pose>Unspecified</pose>
		<truncated>0</truncated>
		<difficult>0</difficult>
		<bndbox>
			<xmin>528</xmin>
			<ymin>54</ymin>
			<xmax>710</xmax>
			<ymax>520</ymax>
		</bndbox>
	</object>
</annotation>
