<annotation>
	<folder>images</folder>
	<filename>kangaroo-535.jpg</filename>
	<path>/home/hugo/Documents/projects/tfjs/dataset/images/kangaroo-535.jpg</path>
	<source>
		<database>Unknown</database>
	</source>
	<size>
		<width>1600</width>
		<height>1067</height>
		<depth>3</depth>
	</size>
	<segmented>0</segmented>
	<object>
		<name>kangaroo</name>
		<pose>Unspecified</pose>
		<truncated>0</truncated>
		<difficult>0</difficult>
		<bndbox>
			<xmin>845</xmin>
			<ymin>509</ymin>
			<xmax>1353</xmax>
			<ymax>899</ymax>
		</bndbox>
	</object>
</annotation>
