<annotation>
	<folder>images</folder>
	<filename>kangaroo-591.jpg</filename>
	<path>/home/hugo/Documents/projects/tfjs/dataset/images/kangaroo-591.jpg</path>
	<source>
		<database>Unknown</database>
	</source>
	<size>
		<width>2400</width>
		<height>1350</height>
		<depth>3</depth>
	</size>
	<segmented>0</segmented>
	<object>
		<name>kangaroo</name>
		<pose>Unspecified</pose>
		<truncated>0</truncated>
		<difficult>0</difficult>
		<bndbox>
			<xmin>125</xmin>
			<ymin>729</ymin>
			<xmax>992</xmax>
			<ymax>1314</ymax>
		</bndbox>
	</object>
	<object>
		<name>kangaroo</name>
		<pose>Unspecified</pose>
		<truncated>0</truncated>
		<difficult>0</difficult>
		<bndbox>
			<xmin>1260</xmin>
			<ymin>927</ymin>
			<xmax>2075</xmax>
			<ymax>1345</ymax>
		</bndbox>
	</object>
</annotation>
