<annotation>
	<folder>images</folder>
	<filename>kangaroo-483.jpg</filename>
	<path>/home/hugo/Documents/projects/tfjs/dataset/images/kangaroo-483.jpg</path>
	<source>
		<database>Unknown</database>
	</source>
	<size>
		<width>1920</width>
		<height>1080</height>
		<depth>3</depth>
	</size>
	<segmented>0</segmented>
	<object>
		<name>kangaroo</name>
		<pose>Unspecified</pose>
		<truncated>1</truncated>
		<difficult>0</difficult>
		<bndbox>
			<xmin>709</xmin>
			<ymin>100</ymin>
			<xmax>1658</xmax>
			<ymax>1080</ymax>
		</bndbox>
	</object>
</annotation>
