<annotation>
	<folder>images</folder>
	<filename>kangaroo-581.jpg</filename>
	<path>/home/hugo/Documents/projects/tfjs/dataset/images/kangaroo-581.jpg</path>
	<source>
		<database>Unknown</database>
	</source>
	<size>
		<width>251</width>
		<height>201</height>
		<depth>3</depth>
	</size>
	<segmented>0</segmented>
	<object>
		<name>kangaroo</name>
		<pose>Unspecified</pose>
		<truncated>0</truncated>
		<difficult>0</difficult>
		<bndbox>
			<xmin>31</xmin>
			<ymin>35</ymin>
			<xmax>238</xmax>
			<ymax>164</ymax>
		</bndbox>
	</object>
</annotation>
