<annotation>
	<folder>images</folder>
	<filename>kangaroo-240.jpg</filename>
	<path>/home/hugo/Documents/projects/tfjs/dataset/images/kangaroo-240.jpg</path>
	<source>
		<database>Unknown</database>
	</source>
	<size>
		<width>371</width>
		<height>136</height>
		<depth>3</depth>
	</size>
	<segmented>0</segmented>
	<object>
		<name>kangaroo</name>
		<pose>Unspecified</pose>
		<truncated>0</truncated>
		<difficult>0</difficult>
		<bndbox>
			<xmin>50</xmin>
			<ymin>26</ymin>
			<xmax>120</xmax>
			<ymax>110</ymax>
		</bndbox>
	</object>
	<object>
		<name>kangaroo</name>
		<pose>Unspecified</pose>
		<truncated>1</truncated>
		<difficult>0</difficult>
		<bndbox>
			<xmin>124</xmin>
			<ymin>51</ymin>
			<xmax>178</xmax>
			<ymax>136</ymax>
		</bndbox>
	</object>
	<object>
		<name>kangaroo</name>
		<pose>Unspecified</pose>
		<truncated>0</truncated>
		<difficult>0</difficult>
		<bndbox>
			<xmin>169</xmin>
			<ymin>48</ymin>
			<xmax>268</xmax>
			<ymax>129</ymax>
		</bndbox>
	</object>
</annotation>
