<annotation>
	<folder>images</folder>
	<filename>kangaroo-195.jpg</filename>
	<path>/home/hugo/Documents/projects/tfjs/dataset/images/kangaroo-195.jpg</path>
	<source>
		<database>Unknown</database>
	</source>
	<size>
		<width>668</width>
		<height>1028</height>
		<depth>3</depth>
	</size>
	<segmented>0</segmented>
	<object>
		<name>kangaroo</name>
		<pose>Unspecified</pose>
		<truncated>0</truncated>
		<difficult>0</difficult>
		<bndbox>
			<xmin>194</xmin>
			<ymin>2</ymin>
			<xmax>631</xmax>
			<ymax>1027</ymax>
		</bndbox>
	</object>
</annotation>
