<annotation>
	<folder>images</folder>
	<filename>kangaroo-561.jpg</filename>
	<path>/home/hugo/Documents/projects/tfjs/dataset/images/kangaroo-561.jpg</path>
	<source>
		<database>Unknown</database>
	</source>
	<size>
		<width>1000</width>
		<height>500</height>
		<depth>3</depth>
	</size>
	<segmented>0</segmented>
	<object>
		<name>kangaroo</name>
		<pose>Unspecified</pose>
		<truncated>0</truncated>
		<difficult>0</difficult>
		<bndbox>
			<xmin>120</xmin>
			<ymin>55</ymin>
			<xmax>329</xmax>
			<ymax>448</ymax>
		</bndbox>
	</object>
	<object>
		<name>kangaroo</name>
		<pose>Unspecified</pose>
		<truncated>0</truncated>
		<difficult>0</difficult>
		<bndbox>
			<xmin>590</xmin>
			<ymin>73</ymin>
			<xmax>720</xmax>
			<ymax>427</ymax>
		</bndbox>
	</object>
	<object>
		<name>kangaroo</name>
		<pose>Unspecified</pose>
		<truncated>0</truncated>
		<difficult>0</difficult>
		<bndbox>
			<xmin>685</xmin>
			<ymin>297</ymin>
			<xmax>985</xmax>
			<ymax>490</ymax>
		</bndbox>
	</object>
	<object>
		<name>kangaroo</name>
		<pose>Unspecified</pose>
		<truncated>0</truncated>
		<difficult>0</difficult>
		<bndbox>
			<xmin>749</xmin>
			<ymin>79</ymin>
			<xmax>836</xmax>
			<ymax>311</ymax>
		</bndbox>
	</object>
</annotation>
