<annotation>
	<folder>images</folder>
	<filename>kangaroo-660.jpg</filename>
	<path>/home/hugo/Documents/projects/tfjs/dataset/images/kangaroo-660.jpg</path>
	<source>
		<database>Unknown</database>
	</source>
	<size>
		<width>1920</width>
		<height>1076</height>
		<depth>3</depth>
	</size>
	<segmented>0</segmented>
	<object>
		<name>kangaroo</name>
		<pose>Unspecified</pose>
		<truncated>1</truncated>
		<difficult>0</difficult>
		<bndbox>
			<xmin>642</xmin>
			<ymin>19</ymin>
			<xmax>1369</xmax>
			<ymax>1076</ymax>
		</bndbox>
	</object>
</annotation>
