<annotation>
	<folder>images</folder>
	<filename>kangaroo-198.jpg</filename>
	<path>/home/hugo/Documents/projects/tfjs/dataset/images/kangaroo-198.jpg</path>
	<source>
		<database>Unknown</database>
	</source>
	<size>
		<width>1000</width>
		<height>1250</height>
		<depth>3</depth>
	</size>
	<segmented>0</segmented>
	<object>
		<name>kangaroo</name>
		<pose>Unspecified</pose>
		<truncated>0</truncated>
		<difficult>0</difficult>
		<bndbox>
			<xmin>257</xmin>
			<ymin>511</ymin>
			<xmax>827</xmax>
			<ymax>859</ymax>
		</bndbox>
	</object>
</annotation>
