<annotation>
	<folder>images</folder>
	<filename>kangaroo-509.jpg</filename>
	<path>/home/hugo/Documents/projects/tfjs/dataset/images/kangaroo-509.jpg</path>
	<source>
		<database>Unknown</database>
	</source>
	<size>
		<width>1000</width>
		<height>500</height>
		<depth>3</depth>
	</size>
	<segmented>0</segmented>
	<object>
		<name>kangaroo</name>
		<pose>Unspecified</pose>
		<truncated>0</truncated>
		<difficult>0</difficult>
		<bndbox>
			<xmin>320</xmin>
			<ymin>161</ymin>
			<xmax>567</xmax>
			<ymax>420</ymax>
		</bndbox>
	</object>
</annotation>
