<annotation>
	<folder>images</folder>
	<filename>kangaroo-700.jpg</filename>
	<path>/home/hugo/Documents/projects/tfjs/dataset/images/kangaroo-700.jpg</path>
	<source>
		<database>Unknown</database>
	</source>
	<size>
		<width>2316</width>
		<height>3088</height>
		<depth>3</depth>
	</size>
	<segmented>0</segmented>
	<object>
		<name>kangaroo</name>
		<pose>Unspecified</pose>
		<truncated>1</truncated>
		<difficult>0</difficult>
		<bndbox>
			<xmin>299</xmin>
			<ymin>1150</ymin>
			<xmax>1490</xmax>
			<ymax>3088</ymax>
		</bndbox>
	</object>
</annotation>
