<annotation>
	<folder>images</folder>
	<filename>kangaroo-56.jpg</filename>
	<path>/home/hugo/Documents/projects/tfjs/dataset/images/kangaroo-56.jpg</path>
	<source>
		<database>Unknown</database>
	</source>
	<size>
		<width>1067</width>
		<height>1600</height>
		<depth>3</depth>
	</size>
	<segmented>0</segmented>
	<object>
		<name>kangaroo</name>
		<pose>Unspecified</pose>
		<truncated>0</truncated>
		<difficult>0</difficult>
		<bndbox>
			<xmin>145</xmin>
			<ymin>243</ymin>
			<xmax>770</xmax>
			<ymax>1423</ymax>
		</bndbox>
	</object>
</annotation>
