<annotation>
	<folder>images</folder>
	<filename>kangaroo-1.jpg</filename>
	<path>/home/hugo/Documents/projects/tfjs/dataset/images/kangaroo-1.jpg</path>
	<source>
		<database>Unknown</database>
	</source>
	<size>
		<width>992</width>
		<height>992</height>
		<depth>3</depth>
	</size>
	<segmented>0</segmented>
	<object>
		<name>kangaroo</name>
		<pose>Unspecified</pose>
		<truncated>1</truncated>
		<difficult>0</difficult>
		<bndbox>
			<xmin>1</xmin>
			<ymin>87</ymin>
			<xmax>756</xmax>
			<ymax>892</ymax>
		</bndbox>
	</object>
</annotation>
