<annotation>
	<folder>images</folder>
	<filename>kangaroo-677.jpg</filename>
	<path>/home/hugo/Documents/projects/tfjs/dataset/images/kangaroo-677.jpg</path>
	<source>
		<database>Unknown</database>
	</source>
	<size>
		<width>1080</width>
		<height>675</height>
		<depth>3</depth>
	</size>
	<segmented>0</segmented>
	<object>
		<name>kangaroo</name>
		<pose>Unspecified</pose>
		<truncated>0</truncated>
		<difficult>0</difficult>
		<bndbox>
			<xmin>176</xmin>
			<ymin>358</ymin>
			<xmax>500</xmax>
			<ymax>674</ymax>
		</bndbox>
	</object>
</annotation>
