<annotation>
	<folder>images</folder>
	<filename>kangaroo-125.jpg</filename>
	<path>/home/hugo/Documents/projects/tfjs/dataset/images/kangaroo-125.jpg</path>
	<source>
		<database>Unknown</database>
	</source>
	<size>
		<width>1280</width>
		<height>720</height>
		<depth>3</depth>
	</size>
	<segmented>0</segmented>
	<object>
		<name>kangaroo</name>
		<pose>Unspecified</pose>
		<truncated>0</truncated>
		<difficult>0</difficult>
		<bndbox>
			<xmin>13</xmin>
			<ymin>52</ymin>
			<xmax>1268</xmax>
			<ymax>671</ymax>
		</bndbox>
	</object>
</annotation>
