<annotation>
	<folder>images</folder>
	<filename>kangaroo-157.jpg</filename>
	<path>/home/hugo/Documents/projects/tfjs/dataset/images/kangaroo-157.jpg</path>
	<source>
		<database>Unknown</database>
	</source>
	<size>
		<width>600</width>
		<height>900</height>
		<depth>3</depth>
	</size>
	<segmented>0</segmented>
	<object>
		<name>kangaroo</name>
		<pose>Unspecified</pose>
		<truncated>1</truncated>
		<difficult>0</difficult>
		<bndbox>
			<xmin>1</xmin>
			<ymin>22</ymin>
			<xmax>514</xmax>
			<ymax>900</ymax>
		</bndbox>
	</object>
</annotation>
