<annotation>
	<folder>images</folder>
	<filename>kangaroo-21.jpg</filename>
	<path>/home/hugo/Documents/projects/tfjs/dataset/images/kangaroo-21.jpg</path>
	<source>
		<database>Unknown</database>
	</source>
	<size>
		<width>636</width>
		<height>798</height>
		<depth>3</depth>
	</size>
	<segmented>0</segmented>
	<object>
		<name>kangaroo</name>
		<pose>Unspecified</pose>
		<truncated>0</truncated>
		<difficult>0</difficult>
		<bndbox>
			<xmin>120</xmin>
			<ymin>64</ymin>
			<xmax>549</xmax>
			<ymax>757</ymax>
		</bndbox>
	</object>
</annotation>
