<annotation>
	<folder>images</folder>
	<filename>kangaroo-626.jpg</filename>
	<path>/home/hugo/Documents/projects/tfjs/dataset/images/kangaroo-626.jpg</path>
	<source>
		<database>Unknown</database>
	</source>
	<size>
		<width>1000</width>
		<height>555</height>
		<depth>3</depth>
	</size>
	<segmented>0</segmented>
	<object>
		<name>kangaroo</name>
		<pose>Unspecified</pose>
		<truncated>0</truncated>
		<difficult>0</difficult>
		<bndbox>
			<xmin>136</xmin>
			<ymin>63</ymin>
			<xmax>949</xmax>
			<ymax>512</ymax>
		</bndbox>
	</object>
</annotation>
