<annotation>
	<folder>images</folder>
	<filename>kangaroo-614.jpg</filename>
	<path>/home/hugo/Documents/projects/tfjs/dataset/images/kangaroo-614.jpg</path>
	<source>
		<database>Unknown</database>
	</source>
	<size>
		<width>2048</width>
		<height>1310</height>
		<depth>3</depth>
	</size>
	<segmented>0</segmented>
	<object>
		<name>kangaroo</name>
		<pose>Unspecified</pose>
		<truncated>0</truncated>
		<difficult>0</difficult>
		<bndbox>
			<xmin>709</xmin>
			<ymin>478</ymin>
			<xmax>1769</xmax>
			<ymax>1211</ymax>
		</bndbox>
	</object>
</annotation>
