<annotation>
	<folder>images</folder>
	<filename>kangaroo-624.jpg</filename>
	<path>/home/hugo/Documents/projects/tfjs/dataset/images/kangaroo-624.jpg</path>
	<source>
		<database>Unknown</database>
	</source>
	<size>
		<width>800</width>
		<height>800</height>
		<depth>3</depth>
	</size>
	<segmented>0</segmented>
	<object>
		<name>kangaroo</name>
		<pose>Unspecified</pose>
		<truncated>1</truncated>
		<difficult>0</difficult>
		<bndbox>
			<xmin>1</xmin>
			<ymin>37</ymin>
			<xmax>713</xmax>
			<ymax>800</ymax>
		</bndbox>
	</object>
</annotation>
