<annotation>
	<folder>images</folder>
	<filename>kangaroo-290.jpg</filename>
	<path>/home/hugo/Documents/projects/tfjs/dataset/images/kangaroo-290.jpg</path>
	<source>
		<database>Unknown</database>
	</source>
	<size>
		<width>1396</width>
		<height>930</height>
		<depth>3</depth>
	</size>
	<segmented>0</segmented>
	<object>
		<name>kangaroo</name>
		<pose>Unspecified</pose>
		<truncated>1</truncated>
		<difficult>0</difficult>
		<bndbox>
			<xmin>399</xmin>
			<ymin>45</ymin>
			<xmax>949</xmax>
			<ymax>930</ymax>
		</bndbox>
	</object>
</annotation>
