<annotation>
	<folder>images</folder>
	<filename>kangaroo-529.jpg</filename>
	<path>/home/hugo/Documents/projects/tfjs/dataset/images/kangaroo-529.jpg</path>
	<source>
		<database>Unknown</database>
	</source>
	<size>
		<width>1496</width>
		<height>1000</height>
		<depth>3</depth>
	</size>
	<segmented>0</segmented>
	<object>
		<name>kangaroo</name>
		<pose>Unspecified</pose>
		<truncated>0</truncated>
		<difficult>0</difficult>
		<bndbox>
			<xmin>334</xmin>
			<ymin>233</ymin>
			<xmax>650</xmax>
			<ymax>909</ymax>
		</bndbox>
	</object>
	<object>
		<name>kangaroo</name>
		<pose>Unspecified</pose>
		<truncated>0</truncated>
		<difficult>0</difficult>
		<bndbox>
			<xmin>775</xmin>
			<ymin>218</ymin>
			<xmax>1197</xmax>
			<ymax>901</ymax>
		</bndbox>
	</object>
</annotation>
