<annotation>
	<folder>images</folder>
	<filename>kangaroo-147.jpg</filename>
	<path>/home/hugo/Documents/projects/tfjs/dataset/images/kangaroo-147.jpg</path>
	<source>
		<database>Unknown</database>
	</source>
	<size>
		<width>1200</width>
		<height>630</height>
		<depth>3</depth>
	</size>
	<segmented>0</segmented>
	<object>
		<name>kangaroo</name>
		<pose>Unspecified</pose>
		<truncated>0</truncated>
		<difficult>0</difficult>
		<bndbox>
			<xmin>348</xmin>
			<ymin>34</ymin>
			<xmax>652</xmax>
			<ymax>628</ymax>
		</bndbox>
	</object>
	<object>
		<name>kangaroo</name>
		<pose>Unspecified</pose>
		<truncated>0</truncated>
		<difficult>0</difficult>
		<bndbox>
			<xmin>225</xmin>
			<ymin>361</ymin>
			<xmax>358</xmax>
			<ymax>577</ymax>
		</bndbox>
	</object>
</annotation>
