<annotation>
	<folder>images</folder>
	<filename>kangaroo-289.jpg</filename>
	<path>/home/hugo/Documents/projects/tfjs/dataset/images/kangaroo-289.jpg</path>
	<source>
		<database>Unknown</database>
	</source>
	<size>
		<width>1024</width>
		<height>683</height>
		<depth>3</depth>
	</size>
	<segmented>0</segmented>
	<object>
		<name>kangaroo</name>
		<pose>Unspecified</pose>
		<truncated>0</truncated>
		<difficult>0</difficult>
		<bndbox>
			<xmin>99</xmin>
			<ymin>185</ymin>
			<xmax>796</xmax>
			<ymax>591</ymax>
		</bndbox>
	</object>
</annotation>
