<annotation>
	<folder>images</folder>
	<filename>kangaroo-707.jpg</filename>
	<path>/home/hugo/Documents/projects/tfjs/dataset/images/kangaroo-707.jpg</path>
	<source>
		<database>Unknown</database>
	</source>
	<size>
		<width>1280</width>
		<height>720</height>
		<depth>3</depth>
	</size>
	<segmented>0</segmented>
	<object>
		<name>kangaroo</name>
		<pose>Unspecified</pose>
		<truncated>0</truncated>
		<difficult>0</difficult>
		<bndbox>
			<xmin>205</xmin>
			<ymin>284</ymin>
			<xmax>493</xmax>
			<ymax>493</ymax>
		</bndbox>
	</object>
	<object>
		<name>kangaroo</name>
		<pose>Unspecified</pose>
		<truncated>0</truncated>
		<difficult>0</difficult>
		<bndbox>
			<xmin>745</xmin>
			<ymin>102</ymin>
			<xmax>1084</xmax>
			<ymax>658</ymax>
		</bndbox>
	</object>
</annotation>
