<annotation>
	<folder>images</folder>
	<filename>kangaroo-106.jpg</filename>
	<path>/home/hugo/Documents/projects/tfjs/dataset/images/kangaroo-106.jpg</path>
	<source>
		<database>Unknown</database>
	</source>
	<size>
		<width>1280</width>
		<height>720</height>
		<depth>3</depth>
	</size>
	<segmented>0</segmented>
	<object>
		<name>kangaroo</name>
		<pose>Unspecified</pose>
		<truncated>0</truncated>
		<difficult>0</difficult>
		<bndbox>
			<xmin>74</xmin>
			<ymin>372</ymin>
			<xmax>567</xmax>
			<ymax>704</ymax>
		</bndbox>
	</object>
	<object>
		<name>kangaroo</name>
		<pose>Unspecified</pose>
		<truncated>0</truncated>
		<difficult>0</difficult>
		<bndbox>
			<xmin>984</xmin>
			<ymin>46</ymin>
			<xmax>1200</xmax>
			<ymax>588</ymax>
		</bndbox>
	</object>
	<object>
		<name>kangaroo</name>
		<pose>Unspecified</pose>
		<truncated>0</truncated>
		<difficult>0</difficult>
		<bndbox>
			<xmin>605</xmin>
			<ymin>108</ymin>
			<xmax>767</xmax>
			<ymax>645</ymax>
		</bndbox>
	</object>
	<object>
		<name>kangaroo</name>
		<pose>Unspecified</pose>
		<truncated>0</truncated>
		<difficult>0</difficult>
		<bndbox>
			<xmin>758</xmin>
			<ymin>283</ymin>
			<xmax>984</xmax>
			<ymax>626</ymax>
		</bndbox>
	</object>
</annotation>
