<annotation>
	<folder>images</folder>
	<filename>kangaroo-146.jpg</filename>
	<path>/home/hugo/Documents/projects/tfjs/dataset/images/kangaroo-146.jpg</path>
	<source>
		<database>Unknown</database>
	</source>
	<size>
		<width>3200</width>
		<height>1791</height>
		<depth>3</depth>
	</size>
	<segmented>0</segmented>
	<object>
		<name>kangaroo</name>
		<pose>Unspecified</pose>
		<truncated>1</truncated>
		<difficult>0</difficult>
		<bndbox>
			<xmin>1271</xmin>
			<ymin>165</ymin>
			<xmax>2875</xmax>
			<ymax>1791</ymax>
		</bndbox>
	</object>
	<object>
		<name>kangaroo</name>
		<pose>Unspecified</pose>
		<truncated>1</truncated>
		<difficult>0</difficult>
		<bndbox>
			<xmin>929</xmin>
			<ymin>837</ymin>
			<xmax>1347</xmax>
			<ymax>1791</ymax>
		</bndbox>
	</object>
</annotation>
