<annotation>
	<folder>images</folder>
	<filename>kangaroo-256.jpg</filename>
	<path>/home/hugo/Documents/projects/tfjs/dataset/images/kangaroo-256.jpg</path>
	<source>
		<database>Unknown</database>
	</source>
	<size>
		<width>1200</width>
		<height>675</height>
		<depth>3</depth>
	</size>
	<segmented>0</segmented>
	<object>
		<name>kangaroo</name>
		<pose>Unspecified</pose>
		<truncated>0</truncated>
		<difficult>0</difficult>
		<bndbox>
			<xmin>66</xmin>
			<ymin>422</ymin>
			<xmax>511</xmax>
			<ymax>613</ymax>
		</bndbox>
	</object>
	<object>
		<name>kangaroo</name>
		<pose>Unspecified</pose>
		<truncated>0</truncated>
		<difficult>0</difficult>
		<bndbox>
			<xmin>989</xmin>
			<ymin>370</ymin>
			<xmax>1098</xmax>
			<ymax>502</ymax>
		</bndbox>
	</object>
</annotation>
