<annotation>
	<folder>images</folder>
	<filename>kangaroo-171.jpg</filename>
	<path>/home/hugo/Documents/projects/tfjs/dataset/images/kangaroo-171.jpg</path>
	<source>
		<database>Unknown</database>
	</source>
	<size>
		<width>1000</width>
		<height>673</height>
		<depth>3</depth>
	</size>
	<segmented>0</segmented>
	<object>
		<name>kangaroo</name>
		<pose>Unspecified</pose>
		<truncated>0</truncated>
		<difficult>0</difficult>
		<bndbox>
			<xmin>133</xmin>
			<ymin>12</ymin>
			<xmax>715</xmax>
			<ymax>663</ymax>
		</bndbox>
	</object>
</annotation>
