<annotation>
	<folder>images</folder>
	<filename>kangaroo-186.jpg</filename>
	<path>/home/hugo/Documents/projects/tfjs/dataset/images/kangaroo-186.jpg</path>
	<source>
		<database>Unknown</database>
	</source>
	<size>
		<width>194</width>
		<height>259</height>
		<depth>3</depth>
	</size>
	<segmented>0</segmented>
	<object>
		<name>kangaroo</name>
		<pose>Unspecified</pose>
		<truncated>0</truncated>
		<difficult>0</difficult>
		<bndbox>
			<xmin>16</xmin>
			<ymin>42</ymin>
			<xmax>151</xmax>
			<ymax>227</ymax>
		</bndbox>
	</object>
</annotation>
