<annotation>
	<folder>images</folder>
	<filename>kangaroo-486.jpg</filename>
	<path>/home/hugo/Documents/projects/tfjs/dataset/images/kangaroo-486.jpg</path>
	<source>
		<database>Unknown</database>
	</source>
	<size>
		<width>2048</width>
		<height>1365</height>
		<depth>3</depth>
	</size>
	<segmented>0</segmented>
	<object>
		<name>kangaroo</name>
		<pose>Unspecified</pose>
		<truncated>0</truncated>
		<difficult>0</difficult>
		<bndbox>
			<xmin>442</xmin>
			<ymin>768</ymin>
			<xmax>1083</xmax>
			<ymax>1217</ymax>
		</bndbox>
	</object>
	<object>
		<name>kangaroo</name>
		<pose>Unspecified</pose>
		<truncated>0</truncated>
		<difficult>0</difficult>
		<bndbox>
			<xmin>776</xmin>
			<ymin>215</ymin>
			<xmax>1167</xmax>
			<ymax>894</ymax>
		</bndbox>
	</object>
	<object>
		<name>kangaroo</name>
		<pose>Unspecified</pose>
		<truncated>0</truncated>
		<difficult>0</difficult>
		<bndbox>
			<xmin>1202</xmin>
			<ymin>33</ymin>
			<xmax>1525</xmax>
			<ymax>691</ymax>
		</bndbox>
	</object>
	<object>
		<name>kangaroo</name>
		<pose>Unspecified</pose>
		<truncated>1</truncated>
		<difficult>0</difficult>
		<bndbox>
			<xmin>1846</xmin>
			<ymin>159</ymin>
			<xmax>2048</xmax>
			<ymax>526</ymax>
		</bndbox>
	</object>
</annotation>
