<annotation>
	<folder>images</folder>
	<filename>kangaroo-94.jpg</filename>
	<path>/home/hugo/Documents/projects/tfjs/dataset/images/kangaroo-94.jpg</path>
	<source>
		<database>Unknown</database>
	</source>
	<size>
		<width>1500</width>
		<height>1078</height>
		<depth>3</depth>
	</size>
	<segmented>0</segmented>
	<object>
		<name>kangaroo</name>
		<pose>Unspecified</pose>
		<truncated>0</truncated>
		<difficult>0</difficult>
		<bndbox>
			<xmin>266</xmin>
			<ymin>186</ymin>
			<xmax>1076</xmax>
			<ymax>979</ymax>
		</bndbox>
	</object>
</annotation>
