<annotation>
	<folder>images</folder>
	<filename>kangaroo-683.jpg</filename>
	<path>/home/hugo/Documents/projects/tfjs/dataset/images/kangaroo-683.jpg</path>
	<source>
		<database>Unknown</database>
	</source>
	<size>
		<width>300</width>
		<height>168</height>
		<depth>3</depth>
	</size>
	<segmented>0</segmented>
	<object>
		<name>kangaroo</name>
		<pose>Unspecified</pose>
		<truncated>0</truncated>
		<difficult>0</difficult>
		<bndbox>
			<xmin>39</xmin>
			<ymin>27</ymin>
			<xmax>83</xmax>
			<ymax>121</ymax>
		</bndbox>
	</object>
	<object>
		<name>kangaroo</name>
		<pose>Unspecified</pose>
		<truncated>0</truncated>
		<difficult>0</difficult>
		<bndbox>
			<xmin>210</xmin>
			<ymin>62</ymin>
			<xmax>248</xmax>
			<ymax>125</ymax>
		</bndbox>
	</object>
	<object>
		<name>kangaroo</name>
		<pose>Unspecified</pose>
		<truncated>1</truncated>
		<difficult>0</difficult>
		<bndbox>
			<xmin>1</xmin>
			<ymin>61</ymin>
			<xmax>52</xmax>
			<ymax>91</ymax>
		</bndbox>
	</object>
</annotation>
