<annotation>
	<folder>images</folder>
	<filename>kangaroo-449.jpg</filename>
	<path>/home/hugo/Documents/projects/tfjs/dataset/images/kangaroo-449.jpg</path>
	<source>
		<database>Unknown</database>
	</source>
	<size>
		<width>1100</width>
		<height>825</height>
		<depth>3</depth>
	</size>
	<segmented>0</segmented>
	<object>
		<name>kangaroo</name>
		<pose>Unspecified</pose>
		<truncated>0</truncated>
		<difficult>0</difficult>
		<bndbox>
			<xmin>432</xmin>
			<ymin>62</ymin>
			<xmax>679</xmax>
			<ymax>743</ymax>
		</bndbox>
	</object>
</annotation>
