<annotation>
	<folder>images</folder>
	<filename>kangaroo-376.jpg</filename>
	<path>/home/hugo/Documents/projects/tfjs/dataset/images/kangaroo-376.jpg</path>
	<source>
		<database>Unknown</database>
	</source>
	<size>
		<width>266</width>
		<height>190</height>
		<depth>3</depth>
	</size>
	<segmented>0</segmented>
	<object>
		<name>kangaroo</name>
		<pose>Unspecified</pose>
		<truncated>1</truncated>
		<difficult>0</difficult>
		<bndbox>
			<xmin>88</xmin>
			<ymin>13</ymin>
			<xmax>254</xmax>
			<ymax>190</ymax>
		</bndbox>
	</object>
</annotation>
