<annotation>
	<folder>images</folder>
	<filename>kangaroo-153.jpg</filename>
	<path>/home/hugo/Documents/projects/tfjs/dataset/images/kangaroo-153.jpg</path>
	<source>
		<database>Unknown</database>
	</source>
	<size>
		<width>300</width>
		<height>168</height>
		<depth>3</depth>
	</size>
	<segmented>0</segmented>
	<object>
		<name>kangaroo</name>
		<pose>Unspecified</pose>
		<truncated>1</truncated>
		<difficult>0</difficult>
		<bndbox>
			<xmin>98</xmin>
			<ymin>28</ymin>
			<xmax>180</xmax>
			<ymax>168</ymax>
		</bndbox>
	</object>
	<object>
		<name>kangaroo</name>
		<pose>Unspecified</pose>
		<truncated>1</truncated>
		<difficult>0</difficult>
		<bndbox>
			<xmin>179</xmin>
			<ymin>34</ymin>
			<xmax>272</xmax>
			<ymax>168</ymax>
		</bndbox>
	</object>
</annotation>
