<annotation>
	<folder>images</folder>
	<filename>kangaroo-635.jpg</filename>
	<path>/home/hugo/Documents/projects/tfjs/dataset/images/kangaroo-635.jpg</path>
	<source>
		<database>Unknown</database>
	</source>
	<size>
		<width>2000</width>
		<height>1333</height>
		<depth>3</depth>
	</size>
	<segmented>0</segmented>
	<object>
		<name>kangaroo</name>
		<pose>Unspecified</pose>
		<truncated>0</truncated>
		<difficult>0</difficult>
		<bndbox>
			<xmin>287</xmin>
			<ymin>289</ymin>
			<xmax>386</xmax>
			<ymax>475</ymax>
		</bndbox>
	</object>
	<object>
		<name>kangaroo</name>
		<pose>Unspecified</pose>
		<truncated>0</truncated>
		<difficult>0</difficult>
		<bndbox>
			<xmin>589</xmin>
			<ymin>675</ymin>
			<xmax>898</xmax>
			<ymax>1199</ymax>
		</bndbox>
	</object>
</annotation>
