<annotation>
	<folder>images</folder>
	<filename>kangaroo-233.jpg</filename>
	<path>/home/hugo/Documents/projects/tfjs/dataset/images/kangaroo-233.jpg</path>
	<source>
		<database>Unknown</database>
	</source>
	<size>
		<width>1300</width>
		<height>951</height>
		<depth>3</depth>
	</size>
	<segmented>0</segmented>
	<object>
		<name>kangaroo</name>
		<pose>Unspecified</pose>
		<truncated>0</truncated>
		<difficult>0</difficult>
		<bndbox>
			<xmin>270</xmin>
			<ymin>51</ymin>
			<xmax>833</xmax>
			<ymax>844</ymax>
		</bndbox>
	</object>
</annotation>
