<annotation>
	<folder>images</folder>
	<filename>kangaroo-674.jpg</filename>
	<path>/home/hugo/Documents/projects/tfjs/dataset/images/kangaroo-674.jpg</path>
	<source>
		<database>Unknown</database>
	</source>
	<size>
		<width>1000</width>
		<height>500</height>
		<depth>3</depth>
	</size>
	<segmented>0</segmented>
	<object>
		<name>kangaroo</name>
		<pose>Unspecified</pose>
		<truncated>1</truncated>
		<difficult>0</difficult>
		<bndbox>
			<xmin>431</xmin>
			<ymin>22</ymin>
			<xmax>681</xmax>
			<ymax>500</ymax>
		</bndbox>
	</object>
</annotation>
