<annotation>
	<folder>images</folder>
	<filename>kangaroo-676.jpg</filename>
	<path>/home/hugo/Documents/projects/tfjs/dataset/images/kangaroo-676.jpg</path>
	<source>
		<database>Unknown</database>
	</source>
	<size>
		<width>299</width>
		<height>168</height>
		<depth>3</depth>
	</size>
	<segmented>0</segmented>
	<object>
		<name>kangaroo</name>
		<pose>Unspecified</pose>
		<truncated>1</truncated>
		<difficult>0</difficult>
		<bndbox>
			<xmin>1</xmin>
			<ymin>102</ymin>
			<xmax>70</xmax>
			<ymax>141</ymax>
		</bndbox>
	</object>
	<object>
		<name>kangaroo</name>
		<pose>Unspecified</pose>
		<truncated>0</truncated>
		<difficult>0</difficult>
		<bndbox>
			<xmin>150</xmin>
			<ymin>81</ymin>
			<xmax>230</xmax>
			<ymax>142</ymax>
		</bndbox>
	</object>
</annotation>
