<annotation>
	<folder>images</folder>
	<filename>kangaroo-183.jpg</filename>
	<path>/home/hugo/Documents/projects/tfjs/dataset/images/kangaroo-183.jpg</path>
	<source>
		<database>Unknown</database>
	</source>
	<size>
		<width>1024</width>
		<height>680</height>
		<depth>3</depth>
	</size>
	<segmented>0</segmented>
	<object>
		<name>kangaroo</name>
		<pose>Unspecified</pose>
		<truncated>0</truncated>
		<difficult>0</difficult>
		<bndbox>
			<xmin>27</xmin>
			<ymin>95</ymin>
			<xmax>450</xmax>
			<ymax>557</ymax>
		</bndbox>
	</object>
	<object>
		<name>kangaroo</name>
		<pose>Unspecified</pose>
		<truncated>0</truncated>
		<difficult>0</difficult>
		<bndbox>
			<xmin>564</xmin>
			<ymin>126</ymin>
			<xmax>728</xmax>
			<ymax>495</ymax>
		</bndbox>
	</object>
	<object>
		<name>kangaroo</name>
		<pose>Unspecified</pose>
		<truncated>1</truncated>
		<difficult>0</difficult>
		<bndbox>
			<xmin>830</xmin>
			<ymin>179</ymin>
			<xmax>1024</xmax>
			<ymax>551</ymax>
		</bndbox>
	</object>
</annotation>
