<annotation>
	<folder>images</folder>
	<filename>kangaroo-419.jpg</filename>
	<path>/home/hugo/Documents/projects/tfjs/dataset/images/kangaroo-419.jpg</path>
	<source>
		<database>Unknown</database>
	</source>
	<size>
		<width>1000</width>
		<height>501</height>
		<depth>3</depth>
	</size>
	<segmented>0</segmented>
	<object>
		<name>kangaroo</name>
		<pose>Unspecified</pose>
		<truncated>0</truncated>
		<difficult>0</difficult>
		<bndbox>
			<xmin>85</xmin>
			<ymin>220</ymin>
			<xmax>437</xmax>
			<ymax>450</ymax>
		</bndbox>
	</object>
	<object>
		<name>kangaroo</name>
		<pose>Unspecified</pose>
		<truncated>0</truncated>
		<difficult>0</difficult>
		<bndbox>
			<xmin>344</xmin>
			<ymin>9</ymin>
			<xmax>655</xmax>
			<ymax>475</ymax>
		</bndbox>
	</object>
</annotation>
