<annotation>
	<folder>images</folder>
	<filename>kangaroo-239.jpg</filename>
	<path>/home/hugo/Documents/projects/tfjs/dataset/images/kangaroo-239.jpg</path>
	<source>
		<database>Unknown</database>
	</source>
	<size>
		<width>1080</width>
		<height>1080</height>
		<depth>3</depth>
	</size>
	<segmented>0</segmented>
	<object>
		<name>kangaroo</name>
		<pose>Unspecified</pose>
		<truncated>0</truncated>
		<difficult>0</difficult>
		<bndbox>
			<xmin>260</xmin>
			<ymin>101</ymin>
			<xmax>1055</xmax>
			<ymax>997</ymax>
		</bndbox>
	</object>
</annotation>
