<annotation>
	<folder>images</folder>
	<filename>kangaroo-295.jpg</filename>
	<path>/home/hugo/Documents/projects/tfjs/dataset/images/kangaroo-295.jpg</path>
	<source>
		<database>Unknown</database>
	</source>
	<size>
		<width>289</width>
		<height>174</height>
		<depth>3</depth>
	</size>
	<segmented>0</segmented>
	<object>
		<name>kangaroo</name>
		<pose>Unspecified</pose>
		<truncated>1</truncated>
		<difficult>0</difficult>
		<bndbox>
			<xmin>25</xmin>
			<ymin>1</ymin>
			<xmax>170</xmax>
			<ymax>174</ymax>
		</bndbox>
	</object>
</annotation>
