<annotation>
	<folder>images</folder>
	<filename>kangaroo-704.jpg</filename>
	<path>/home/hugo/Documents/projects/tfjs/dataset/images/kangaroo-704.jpg</path>
	<source>
		<database>Unknown</database>
	</source>
	<size>
		<width>4272</width>
		<height>2848</height>
		<depth>3</depth>
	</size>
	<segmented>0</segmented>
	<object>
		<name>kangaroo</name>
		<pose>Unspecified</pose>
		<truncated>0</truncated>
		<difficult>0</difficult>
		<bndbox>
			<xmin>569</xmin>
			<ymin>12</ymin>
			<xmax>3206</xmax>
			<ymax>2816</ymax>
		</bndbox>
	</object>
</annotation>
