<annotation>
	<folder>images</folder>
	<filename>kangaroo-696.jpg</filename>
	<path>/home/hugo/Documents/projects/tfjs/dataset/images/kangaroo-696.jpg</path>
	<source>
		<database>Unknown</database>
	</source>
	<size>
		<width>1100</width>
		<height>619</height>
		<depth>3</depth>
	</size>
	<segmented>0</segmented>
	<object>
		<name>kangaroo</name>
		<pose>Unspecified</pose>
		<truncated>1</truncated>
		<difficult>0</difficult>
		<bndbox>
			<xmin>340</xmin>
			<ymin>26</ymin>
			<xmax>815</xmax>
			<ymax>619</ymax>
		</bndbox>
	</object>
</annotation>
