<annotation>
	<folder>images</folder>
	<filename>kangaroo-184.jpg</filename>
	<path>/home/hugo/Documents/projects/tfjs/dataset/images/kangaroo-184.jpg</path>
	<source>
		<database>Unknown</database>
	</source>
	<size>
		<width>1064</width>
		<height>1600</height>
		<depth>3</depth>
	</size>
	<segmented>0</segmented>
	<object>
		<name>kangaroo</name>
		<pose>Unspecified</pose>
		<truncated>1</truncated>
		<difficult>0</difficult>
		<bndbox>
			<xmin>1</xmin>
			<ymin>181</ymin>
			<xmax>946</xmax>
			<ymax>1566</ymax>
		</bndbox>
	</object>
</annotation>
