<annotation>
	<folder>images</folder>
	<filename>kangaroo-629.jpg</filename>
	<path>/home/hugo/Documents/projects/tfjs/dataset/images/kangaroo-629.jpg</path>
	<source>
		<database>Unknown</database>
	</source>
	<size>
		<width>1356</width>
		<height>668</height>
		<depth>3</depth>
	</size>
	<segmented>0</segmented>
	<object>
		<name>kangaroo</name>
		<pose>Unspecified</pose>
		<truncated>1</truncated>
		<difficult>0</difficult>
		<bndbox>
			<xmin>368</xmin>
			<ymin>436</ymin>
			<xmax>793</xmax>
			<ymax>668</ymax>
		</bndbox>
	</object>
	<object>
		<name>kangaroo</name>
		<pose>Unspecified</pose>
		<truncated>0</truncated>
		<difficult>0</difficult>
		<bndbox>
			<xmin>206</xmin>
			<ymin>199</ymin>
			<xmax>1034</xmax>
			<ymax>512</ymax>
		</bndbox>
	</object>
	<object>
		<name>kangaroo</name>
		<pose>Unspecified</pose>
		<truncated>1</truncated>
		<difficult>0</difficult>
		<bndbox>
			<xmin>253</xmin>
			<ymin>1</ymin>
			<xmax>1284</xmax>
			<ymax>290</ymax>
		</bndbox>
	</object>
</annotation>
