<annotation>
	<folder>images</folder>
	<filename>kangaroo-12.jpg</filename>
	<path>/home/hugo/Documents/projects/tfjs/dataset/images/kangaroo-12.jpg</path>
	<source>
		<database>Unknown</database>
	</source>
	<size>
		<width>1900</width>
		<height>1068</height>
		<depth>3</depth>
	</size>
	<segmented>0</segmented>
	<object>
		<name>kangaroo</name>
		<pose>Unspecified</pose>
		<truncated>0</truncated>
		<difficult>0</difficult>
		<bndbox>
			<xmin>969</xmin>
			<ymin>106</ymin>
			<xmax>1472</xmax>
			<ymax>969</ymax>
		</bndbox>
	</object>
</annotation>
