<annotation>
	<folder>images</folder>
	<filename>kangaroo-563.jpg</filename>
	<path>/home/hugo/Documents/projects/tfjs/dataset/images/kangaroo-563.jpg</path>
	<source>
		<database>Unknown</database>
	</source>
	<size>
		<width>1051</width>
		<height>717</height>
		<depth>3</depth>
	</size>
	<segmented>0</segmented>
	<object>
		<name>kangaroo</name>
		<pose>Unspecified</pose>
		<truncated>0</truncated>
		<difficult>0</difficult>
		<bndbox>
			<xmin>174</xmin>
			<ymin>255</ymin>
			<xmax>792</xmax>
			<ymax>671</ymax>
		</bndbox>
	</object>
</annotation>
