<annotation>
	<folder>images</folder>
	<filename>kangaroo-389.jpg</filename>
	<path>/home/hugo/Documents/projects/tfjs/dataset/images/kangaroo-389.jpg</path>
	<source>
		<database>Unknown</database>
	</source>
	<size>
		<width>615</width>
		<height>824</height>
		<depth>3</depth>
	</size>
	<segmented>0</segmented>
	<object>
		<name>kangaroo</name>
		<pose>Unspecified</pose>
		<truncated>0</truncated>
		<difficult>0</difficult>
		<bndbox>
			<xmin>138</xmin>
			<ymin>317</ymin>
			<xmax>424</xmax>
			<ymax>568</ymax>
		</bndbox>
	</object>
</annotation>
