<annotation>
	<folder>images</folder>
	<filename>kangaroo-70.jpg</filename>
	<path>/home/hugo/Documents/projects/tfjs/dataset/images/kangaroo-70.jpg</path>
	<source>
		<database>Unknown</database>
	</source>
	<size>
		<width>940</width>
		<height>627</height>
		<depth>3</depth>
	</size>
	<segmented>0</segmented>
	<object>
		<name>kangaroo</name>
		<pose>Unspecified</pose>
		<truncated>0</truncated>
		<difficult>0</difficult>
		<bndbox>
			<xmin>110</xmin>
			<ymin>254</ymin>
			<xmax>544</xmax>
			<ymax>528</ymax>
		</bndbox>
	</object>
</annotation>
