<annotation>
	<folder>images</folder>
	<filename>kangaroo-425.jpg</filename>
	<path>/home/hugo/Documents/projects/tfjs/dataset/images/kangaroo-425.jpg</path>
	<source>
		<database>Unknown</database>
	</source>
	<size>
		<width>847</width>
		<height>567</height>
		<depth>3</depth>
	</size>
	<segmented>0</segmented>
	<object>
		<name>kangaroo</name>
		<pose>Unspecified</pose>
		<truncated>0</truncated>
		<difficult>0</difficult>
		<bndbox>
			<xmin>133</xmin>
			<ymin>44</ymin>
			<xmax>805</xmax>
			<ymax>539</ymax>
		</bndbox>
	</object>
</annotation>
