<annotation>
	<folder>images</folder>
	<filename>kangaroo-646.jpg</filename>
	<path>/home/hugo/Documents/projects/tfjs/dataset/images/kangaroo-646.jpg</path>
	<source>
		<database>Unknown</database>
	</source>
	<size>
		<width>900</width>
		<height>1200</height>
		<depth>3</depth>
	</size>
	<segmented>0</segmented>
	<object>
		<name>kangaroo</name>
		<pose>Unspecified</pose>
		<truncated>1</truncated>
		<difficult>0</difficult>
		<bndbox>
			<xmin>101</xmin>
			<ymin>18</ymin>
			<xmax>816</xmax>
			<ymax>1200</ymax>
		</bndbox>
	</object>
</annotation>
