<annotation>
	<folder>images</folder>
	<filename>kangaroo-346.jpg</filename>
	<path>/home/hugo/Documents/projects/tfjs/dataset/images/kangaroo-346.jpg</path>
	<source>
		<database>Unknown</database>
	</source>
	<size>
		<width>1024</width>
		<height>1280</height>
		<depth>3</depth>
	</size>
	<segmented>0</segmented>
	<object>
		<name>kangaroo</name>
		<pose>Unspecified</pose>
		<truncated>0</truncated>
		<difficult>0</difficult>
		<bndbox>
			<xmin>169</xmin>
			<ymin>68</ymin>
			<xmax>794</xmax>
			<ymax>1105</ymax>
		</bndbox>
	</object>
</annotation>
