<annotation>
	<folder>images</folder>
	<filename>kangaroo-673.jpg</filename>
	<path>/home/hugo/Documents/projects/tfjs/dataset/images/kangaroo-673.jpg</path>
	<source>
		<database>Unknown</database>
	</source>
	<size>
		<width>992</width>
		<height>558</height>
		<depth>3</depth>
	</size>
	<segmented>0</segmented>
	<object>
		<name>kangaroo</name>
		<pose>Unspecified</pose>
		<truncated>1</truncated>
		<difficult>0</difficult>
		<bndbox>
			<xmin>1</xmin>
			<ymin>6</ymin>
			<xmax>397</xmax>
			<ymax>558</ymax>
		</bndbox>
	</object>
</annotation>
