<annotation>
	<folder>images</folder>
	<filename>kangaroo-681.jpg</filename>
	<path>/home/hugo/Documents/projects/tfjs/dataset/images/kangaroo-681.jpg</path>
	<source>
		<database>Unknown</database>
	</source>
	<size>
		<width>970</width>
		<height>600</height>
		<depth>3</depth>
	</size>
	<segmented>0</segmented>
	<object>
		<name>kangaroo</name>
		<pose>Unspecified</pose>
		<truncated>0</truncated>
		<difficult>0</difficult>
		<bndbox>
			<xmin>87</xmin>
			<ymin>92</ymin>
			<xmax>363</xmax>
			<ymax>459</ymax>
		</bndbox>
	</object>
</annotation>
