<annotation>
	<folder>images</folder>
	<filename>kangaroo-117.jpg</filename>
	<path>/home/hugo/Documents/projects/tfjs/dataset/images/kangaroo-117.jpg</path>
	<source>
		<database>Unknown</database>
	</source>
	<size>
		<width>925</width>
		<height>1024</height>
		<depth>3</depth>
	</size>
	<segmented>0</segmented>
	<object>
		<name>kangaroo</name>
		<pose>Unspecified</pose>
		<truncated>0</truncated>
		<difficult>0</difficult>
		<bndbox>
			<xmin>155</xmin>
			<ymin>47</ymin>
			<xmax>700</xmax>
			<ymax>959</ymax>
		</bndbox>
	</object>
</annotation>
