<annotation>
	<folder>images</folder>
	<filename>kangaroo-136.jpg</filename>
	<path>/home/hugo/Documents/projects/tfjs/dataset/images/kangaroo-136.jpg</path>
	<source>
		<database>Unknown</database>
	</source>
	<size>
		<width>1000</width>
		<height>668</height>
		<depth>3</depth>
	</size>
	<segmented>0</segmented>
	<object>
		<name>kangaroo</name>
		<pose>Unspecified</pose>
		<truncated>0</truncated>
		<difficult>0</difficult>
		<bndbox>
			<xmin>356</xmin>
			<ymin>235</ymin>
			<xmax>829</xmax>
			<ymax>563</ymax>
		</bndbox>
	</object>
</annotation>
