<annotation>
	<folder>images</folder>
	<filename>kangaroo-208.jpg</filename>
	<path>/home/hugo/Documents/projects/tfjs/dataset/images/kangaroo-208.jpg</path>
	<source>
		<database>Unknown</database>
	</source>
	<size>
		<width>1024</width>
		<height>700</height>
		<depth>3</depth>
	</size>
	<segmented>0</segmented>
	<object>
		<name>kangaroo</name>
		<pose>Unspecified</pose>
		<truncated>0</truncated>
		<difficult>0</difficult>
		<bndbox>
			<xmin>477</xmin>
			<ymin>136</ymin>
			<xmax>749</xmax>
			<ymax>521</ymax>
		</bndbox>
	</object>
	<object>
		<name>kangaroo</name>
		<pose>Unspecified</pose>
		<truncated>0</truncated>
		<difficult>0</difficult>
		<bndbox>
			<xmin>302</xmin>
			<ymin>195</ymin>
			<xmax>443</xmax>
			<ymax>358</ymax>
		</bndbox>
	</object>
</annotation>
