<annotation>
	<folder>images</folder>
	<filename>kangaroo-305.jpg</filename>
	<path>/home/hugo/Documents/projects/tfjs/dataset/images/kangaroo-305.jpg</path>
	<source>
		<database>Unknown</database>
	</source>
	<size>
		<width>275</width>
		<height>183</height>
		<depth>3</depth>
	</size>
	<segmented>0</segmented>
	<object>
		<name>kangaroo</name>
		<pose>Unspecified</pose>
		<truncated>1</truncated>
		<difficult>0</difficult>
		<bndbox>
			<xmin>1</xmin>
			<ymin>27</ymin>
			<xmax>117</xmax>
			<ymax>138</ymax>
		</bndbox>
	</object>
	<object>
		<name>kangaroo</name>
		<pose>Unspecified</pose>
		<truncated>0</truncated>
		<difficult>0</difficult>
		<bndbox>
			<xmin>120</xmin>
			<ymin>22</ymin>
			<xmax>268</xmax>
			<ymax>140</ymax>
		</bndbox>
	</object>
</annotation>
