<annotation>
	<folder>images</folder>
	<filename>kangaroo-144.jpg</filename>
	<path>/home/hugo/Documents/projects/tfjs/dataset/images/kangaroo-144.jpg</path>
	<source>
		<database>Unknown</database>
	</source>
	<size>
		<width>1600</width>
		<height>1200</height>
		<depth>3</depth>
	</size>
	<segmented>0</segmented>
	<object>
		<name>kangaroo</name>
		<pose>Unspecified</pose>
		<truncated>0</truncated>
		<difficult>0</difficult>
		<bndbox>
			<xmin>212</xmin>
			<ymin>399</ymin>
			<xmax>1124</xmax>
			<ymax>769</ymax>
		</bndbox>
	</object>
</annotation>
