<annotation>
	<folder>images</folder>
	<filename>kangaroo-114.jpg</filename>
	<path>/home/hugo/Documents/projects/tfjs/dataset/images/kangaroo-114.jpg</path>
	<source>
		<database>Unknown</database>
	</source>
	<size>
		<width>1600</width>
		<height>640</height>
		<depth>3</depth>
	</size>
	<segmented>0</segmented>
	<object>
		<name>kangaroo</name>
		<pose>Unspecified</pose>
		<truncated>1</truncated>
		<difficult>0</difficult>
		<bndbox>
			<xmin>627</xmin>
			<ymin>44</ymin>
			<xmax>1092</xmax>
			<ymax>640</ymax>
		</bndbox>
	</object>
</annotation>
