<annotation>
	<folder>images</folder>
	<filename>kangaroo-80.jpg</filename>
	<path>/home/hugo/Documents/projects/tfjs/dataset/images/kangaroo-80.jpg</path>
	<source>
		<database>Unknown</database>
	</source>
	<size>
		<width>331</width>
		<height>152</height>
		<depth>3</depth>
	</size>
	<segmented>0</segmented>
	<object>
		<name>kangaroo</name>
		<pose>Unspecified</pose>
		<truncated>1</truncated>
		<difficult>0</difficult>
		<bndbox>
			<xmin>134</xmin>
			<ymin>19</ymin>
			<xmax>240</xmax>
			<ymax>152</ymax>
		</bndbox>
	</object>
	<object>
		<name>kangaroo</name>
		<pose>Unspecified</pose>
		<truncated>1</truncated>
		<difficult>0</difficult>
		<bndbox>
			<xmin>1</xmin>
			<ymin>73</ymin>
			<xmax>107</xmax>
			<ymax>152</ymax>
		</bndbox>
	</object>
</annotation>
