<annotation>
	<folder>images</folder>
	<filename>kangaroo-67.jpg</filename>
	<path>/home/hugo/Documents/projects/tfjs/dataset/images/kangaroo-67.jpg</path>
	<source>
		<database>Unknown</database>
	</source>
	<size>
		<width>1200</width>
		<height>800</height>
		<depth>3</depth>
	</size>
	<segmented>0</segmented>
	<object>
		<name>kangaroo</name>
		<pose>Unspecified</pose>
		<truncated>0</truncated>
		<difficult>0</difficult>
		<bndbox>
			<xmin>370</xmin>
			<ymin>100</ymin>
			<xmax>607</xmax>
			<ymax>767</ymax>
		</bndbox>
	</object>
	<object>
		<name>kangaroo</name>
		<pose>Unspecified</pose>
		<truncated>0</truncated>
		<difficult>0</difficult>
		<bndbox>
			<xmin>584</xmin>
			<ymin>503</ymin>
			<xmax>1175</xmax>
			<ymax>765</ymax>
		</bndbox>
	</object>
</annotation>
