<annotation>
	<folder>images</folder>
	<filename>kangaroo-506.jpg</filename>
	<path>/home/hugo/Documents/projects/tfjs/dataset/images/kangaroo-506.jpg</path>
	<source>
		<database>Unknown</database>
	</source>
	<size>
		<width>992</width>
		<height>487</height>
		<depth>3</depth>
	</size>
	<segmented>0</segmented>
	<object>
		<name>kangaroo</name>
		<pose>Unspecified</pose>
		<truncated>0</truncated>
		<difficult>0</difficult>
		<bndbox>
			<xmin>151</xmin>
			<ymin>7</ymin>
			<xmax>460</xmax>
			<ymax>430</ymax>
		</bndbox>
	</object>
</annotation>
