<annotation>
	<folder>images</folder>
	<filename>kangaroo-96.jpg</filename>
	<path>/home/hugo/Documents/projects/tfjs/dataset/images/kangaroo-96.jpg</path>
	<source>
		<database>Unknown</database>
	</source>
	<size>
		<width>931</width>
		<height>524</height>
		<depth>3</depth>
	</size>
	<segmented>0</segmented>
	<object>
		<name>kangaroo</name>
		<pose>Unspecified</pose>
		<truncated>1</truncated>
		<difficult>0</difficult>
		<bndbox>
			<xmin>323</xmin>
			<ymin>11</ymin>
			<xmax>593</xmax>
			<ymax>524</ymax>
		</bndbox>
	</object>
</annotation>
