<annotation>
	<folder>images</folder>
	<filename>kangaroo-52.jpg</filename>
	<path>/home/hugo/Documents/projects/tfjs/dataset/images/kangaroo-52.jpg</path>
	<source>
		<database>Unknown</database>
	</source>
	<size>
		<width>263</width>
		<height>192</height>
		<depth>3</depth>
	</size>
	<segmented>0</segmented>
	<object>
		<name>kangaroo</name>
		<pose>Unspecified</pose>
		<truncated>0</truncated>
		<difficult>0</difficult>
		<bndbox>
			<xmin>98</xmin>
			<ymin>11</ymin>
			<xmax>228</xmax>
			<ymax>164</ymax>
		</bndbox>
	</object>
</annotation>
