<annotation>
	<folder>images</folder>
	<filename>kangaroo-406.jpg</filename>
	<path>/home/hugo/Documents/projects/tfjs/dataset/images/kangaroo-406.jpg</path>
	<source>
		<database>Unknown</database>
	</source>
	<size>
		<width>1080</width>
		<height>797</height>
		<depth>3</depth>
	</size>
	<segmented>0</segmented>
	<object>
		<name>kangaroo</name>
		<pose>Unspecified</pose>
		<truncated>0</truncated>
		<difficult>0</difficult>
		<bndbox>
			<xmin>241</xmin>
			<ymin>44</ymin>
			<xmax>523</xmax>
			<ymax>765</ymax>
		</bndbox>
	</object>
	<object>
		<name>kangaroo</name>
		<pose>Unspecified</pose>
		<truncated>0</truncated>
		<difficult>0</difficult>
		<bndbox>
			<xmin>522</xmin>
			<ymin>91</ymin>
			<xmax>772</xmax>
			<ymax>750</ymax>
		</bndbox>
	</object>
</annotation>
