<annotation>
	<folder>images</folder>
	<filename>kangaroo-480.jpg</filename>
	<path>/home/hugo/Documents/projects/tfjs/dataset/images/kangaroo-480.jpg</path>
	<source>
		<database>Unknown</database>
	</source>
	<size>
		<width>861</width>
		<height>646</height>
		<depth>3</depth>
	</size>
	<segmented>0</segmented>
	<object>
		<name>kangaroo</name>
		<pose>Unspecified</pose>
		<truncated>0</truncated>
		<difficult>0</difficult>
		<bndbox>
			<xmin>47</xmin>
			<ymin>92</ymin>
			<xmax>801</xmax>
			<ymax>415</ymax>
		</bndbox>
	</object>
	<object>
		<name>kangaroo</name>
		<pose>Unspecified</pose>
		<truncated>1</truncated>
		<difficult>0</difficult>
		<bndbox>
			<xmin>615</xmin>
			<ymin>316</ymin>
			<xmax>861</xmax>
			<ymax>646</ymax>
		</bndbox>
	</object>
	<object>
		<name>kangaroo</name>
		<pose>Unspecified</pose>
		<truncated>0</truncated>
		<difficult>0</difficult>
		<bndbox>
			<xmin>349</xmin>
			<ymin>444</ymin>
			<xmax>666</xmax>
			<ymax>632</ymax>
		</bndbox>
	</object>
</annotation>
