<annotation>
	<folder>images</folder>
	<filename>kangaroo-127.jpg</filename>
	<path>/home/hugo/Documents/projects/tfjs/dataset/images/kangaroo-127.jpg</path>
	<source>
		<database>Unknown</database>
	</source>
	<size>
		<width>1440</width>
		<height>600</height>
		<depth>3</depth>
	</size>
	<segmented>0</segmented>
	<object>
		<name>kangaroo</name>
		<pose>Unspecified</pose>
		<truncated>1</truncated>
		<difficult>0</difficult>
		<bndbox>
			<xmin>671</xmin>
			<ymin>129</ymin>
			<xmax>1019</xmax>
			<ymax>600</ymax>
		</bndbox>
	</object>
	<object>
		<name>kangaroo</name>
		<pose>Unspecified</pose>
		<truncated>0</truncated>
		<difficult>0</difficult>
		<bndbox>
			<xmin>433</xmin>
			<ymin>221</ymin>
			<xmax>609</xmax>
			<ymax>441</ymax>
		</bndbox>
	</object>
</annotation>
