<annotation>
	<folder>images</folder>
	<filename>kangaroo-190.jpg</filename>
	<path>/home/hugo/Documents/projects/tfjs/dataset/images/kangaroo-190.jpg</path>
	<source>
		<database>Unknown</database>
	</source>
	<size>
		<width>1024</width>
		<height>560</height>
		<depth>3</depth>
	</size>
	<segmented>0</segmented>
	<object>
		<name>kangaroo</name>
		<pose>Unspecified</pose>
		<truncated>0</truncated>
		<difficult>0</difficult>
		<bndbox>
			<xmin>94</xmin>
			<ymin>108</ymin>
			<xmax>1007</xmax>
			<ymax>468</ymax>
		</bndbox>
	</object>
</annotation>
