<annotation>
	<folder>images</folder>
	<filename>kangaroo-107.jpg</filename>
	<path>/home/hugo/Documents/projects/tfjs/dataset/images/kangaroo-107.jpg</path>
	<source>
		<database>Unknown</database>
	</source>
	<size>
		<width>1200</width>
		<height>800</height>
		<depth>3</depth>
	</size>
	<segmented>0</segmented>
	<object>
		<name>kangaroo</name>
		<pose>Unspecified</pose>
		<truncated>0</truncated>
		<difficult>0</difficult>
		<bndbox>
			<xmin>515</xmin>
			<ymin>393</ymin>
			<xmax>996</xmax>
			<ymax>760</ymax>
		</bndbox>
	</object>
	<object>
		<name>kangaroo</name>
		<pose>Unspecified</pose>
		<truncated>0</truncated>
		<difficult>0</difficult>
		<bndbox>
			<xmin>119</xmin>
			<ymin>16</ymin>
			<xmax>831</xmax>
			<ymax>778</ymax>
		</bndbox>
	</object>
</annotation>
