<annotation>
	<folder>images</folder>
	<filename>kangaroo-504.jpg</filename>
	<path>/home/hugo/Documents/projects/tfjs/dataset/images/kangaroo-504.jpg</path>
	<source>
		<database>Unknown</database>
	</source>
	<size>
		<width>2400</width>
		<height>1350</height>
		<depth>3</depth>
	</size>
	<segmented>0</segmented>
	<object>
		<name>kangaroo</name>
		<pose>Unspecified</pose>
		<truncated>0</truncated>
		<difficult>0</difficult>
		<bndbox>
			<xmin>339</xmin>
			<ymin>135</ymin>
			<xmax>1817</xmax>
			<ymax>1220</ymax>
		</bndbox>
	</object>
</annotation>
