<annotation>
	<folder>images</folder>
	<filename>kangaroo-273.jpg</filename>
	<path>/home/hugo/Documents/projects/tfjs/dataset/images/kangaroo-273.jpg</path>
	<source>
		<database>Unknown</database>
	</source>
	<size>
		<width>1200</width>
		<height>630</height>
		<depth>3</depth>
	</size>
	<segmented>0</segmented>
	<object>
		<name>kangaroo</name>
		<pose>Unspecified</pose>
		<truncated>0</truncated>
		<difficult>0</difficult>
		<bndbox>
			<xmin>240</xmin>
			<ymin>46</ymin>
			<xmax>699</xmax>
			<ymax>598</ymax>
		</bndbox>
	</object>
	<object>
		<name>kangaroo</name>
		<pose>Unspecified</pose>
		<truncated>0</truncated>
		<difficult>0</difficult>
		<bndbox>
			<xmin>771</xmin>
			<ymin>2</ymin>
			<xmax>1198</xmax>
			<ymax>617</ymax>
		</bndbox>
	</object>
</annotation>
