<annotation>
	<folder>images</folder>
	<filename>kangaroo-469.jpg</filename>
	<path>/home/hugo/Documents/projects/tfjs/dataset/images/kangaroo-469.jpg</path>
	<source>
		<database>Unknown</database>
	</source>
	<size>
		<width>1200</width>
		<height>799</height>
		<depth>3</depth>
	</size>
	<segmented>0</segmented>
	<object>
		<name>kangaroo</name>
		<pose>Unspecified</pose>
		<truncated>0</truncated>
		<difficult>0</difficult>
		<bndbox>
			<xmin>16</xmin>
			<ymin>271</ymin>
			<xmax>373</xmax>
			<ymax>655</ymax>
		</bndbox>
	</object>
	<object>
		<name>kangaroo</name>
		<pose>Unspecified</pose>
		<truncated>0</truncated>
		<difficult>0</difficult>
		<bndbox>
			<xmin>891</xmin>
			<ymin>210</ymin>
			<xmax>1199</xmax>
			<ymax>465</ymax>
		</bndbox>
	</object>
</annotation>
