<annotation>
	<folder>images</folder>
	<filename>kangaroo-684.jpg</filename>
	<path>/home/hugo/Documents/projects/tfjs/dataset/images/kangaroo-684.jpg</path>
	<source>
		<database>Unknown</database>
	</source>
	<size>
		<width>862</width>
		<height>862</height>
		<depth>3</depth>
	</size>
	<segmented>0</segmented>
	<object>
		<name>kangaroo</name>
		<pose>Unspecified</pose>
		<truncated>1</truncated>
		<difficult>0</difficult>
		<bndbox>
			<xmin>3</xmin>
			<ymin>18</ymin>
			<xmax>694</xmax>
			<ymax>862</ymax>
		</bndbox>
	</object>
</annotation>
