<annotation>
	<folder>images</folder>
	<filename>kangaroo-540.jpg</filename>
	<path>/home/hugo/Documents/projects/tfjs/dataset/images/kangaroo-540.jpg</path>
	<source>
		<database>Unknown</database>
	</source>
	<size>
		<width>1100</width>
		<height>733</height>
		<depth>3</depth>
	</size>
	<segmented>0</segmented>
	<object>
		<name>kangaroo</name>
		<pose>Unspecified</pose>
		<truncated>0</truncated>
		<difficult>0</difficult>
		<bndbox>
			<xmin>465</xmin>
			<ymin>311</ymin>
			<xmax>568</xmax>
			<ymax>679</ymax>
		</bndbox>
	</object>
	<object>
		<name>kangaroo</name>
		<pose>Unspecified</pose>
		<truncated>0</truncated>
		<difficult>0</difficult>
		<bndbox>
			<xmin>273</xmin>
			<ymin>183</ymin>
			<xmax>461</xmax>
			<ymax>316</ymax>
		</bndbox>
	</object>
	<object>
		<name>kangaroo</name>
		<pose>Unspecified</pose>
		<truncated>0</truncated>
		<difficult>0</difficult>
		<bndbox>
			<xmin>608</xmin>
			<ymin>233</ymin>
			<xmax>770</xmax>
			<ymax>439</ymax>
		</bndbox>
	</object>
</annotation>
