<annotation>
	<folder>images</folder>
	<filename>kangaroo-650.jpg</filename>
	<path>/home/hugo/Documents/projects/tfjs/dataset/images/kangaroo-650.jpg</path>
	<source>
		<database>Unknown</database>
	</source>
	<size>
		<width>1024</width>
		<height>683</height>
		<depth>3</depth>
	</size>
	<segmented>0</segmented>
	<object>
		<name>kangaroo</name>
		<pose>Unspecified</pose>
		<truncated>0</truncated>
		<difficult>0</difficult>
		<bndbox>
			<xmin>515</xmin>
			<ymin>57</ymin>
			<xmax>851</xmax>
			<ymax>603</ymax>
		</bndbox>
	</object>
	<object>
		<name>kangaroo</name>
		<pose>Unspecified</pose>
		<truncated>0</truncated>
		<difficult>0</difficult>
		<bndbox>
			<xmin>279</xmin>
			<ymin>5</ymin>
			<xmax>479</xmax>
			<ymax>549</ymax>
		</bndbox>
	</object>
</annotation>
