<annotation>
	<folder>images</folder>
	<filename>kangaroo-38.jpg</filename>
	<path>/home/hugo/Documents/projects/tfjs/dataset/images/kangaroo-38.jpg</path>
	<source>
		<database>Unknown</database>
	</source>
	<size>
		<width>2776</width>
		<height>1568</height>
		<depth>3</depth>
	</size>
	<segmented>0</segmented>
	<object>
		<name>kangaroo</name>
		<pose>Unspecified</pose>
		<truncated>1</truncated>
		<difficult>0</difficult>
		<bndbox>
			<xmin>1093</xmin>
			<ymin>10</ymin>
			<xmax>1957</xmax>
			<ymax>1568</ymax>
		</bndbox>
	</object>
</annotation>
