<annotation>
	<folder>images</folder>
	<filename>kangaroo-2.jpg</filename>
	<path>/home/hugo/Documents/projects/tfjs/dataset/images/kangaroo-2.jpg</path>
	<source>
		<database>Unknown</database>
	</source>
	<size>
		<width>1000</width>
		<height>664</height>
		<depth>3</depth>
	</size>
	<segmented>0</segmented>
	<object>
		<name>kangaroo</name>
		<pose>Unspecified</pose>
		<truncated>1</truncated>
		<difficult>0</difficult>
		<bndbox>
			<xmin>122</xmin>
			<ymin>22</ymin>
			<xmax>788</xmax>
			<ymax>664</ymax>
		</bndbox>
	</object>
</annotation>
