<annotation>
	<folder>images</folder>
	<filename>kangaroo-698.jpg</filename>
	<path>/home/hugo/Documents/projects/tfjs/dataset/images/kangaroo-698.jpg</path>
	<source>
		<database>Unknown</database>
	</source>
	<size>
		<width>1098</width>
		<height>1440</height>
		<depth>3</depth>
	</size>
	<segmented>0</segmented>
	<object>
		<name>kangaroo</name>
		<pose>Unspecified</pose>
		<truncated>0</truncated>
		<difficult>0</difficult>
		<bndbox>
			<xmin>250</xmin>
			<ymin>142</ymin>
			<xmax>943</xmax>
			<ymax>1433</ymax>
		</bndbox>
	</object>
</annotation>
