<annotation>
	<folder>images</folder>
	<filename>kangaroo-176.jpg</filename>
	<path>/home/hugo/Documents/projects/tfjs/dataset/images/kangaroo-176.jpg</path>
	<source>
		<database>Unknown</database>
	</source>
	<size>
		<width>1170</width>
		<height>777</height>
		<depth>3</depth>
	</size>
	<segmented>0</segmented>
	<object>
		<name>kangaroo</name>
		<pose>Unspecified</pose>
		<truncated>0</truncated>
		<difficult>0</difficult>
		<bndbox>
			<xmin>87</xmin>
			<ymin>174</ymin>
			<xmax>653</xmax>
			<ymax>638</ymax>
		</bndbox>
	</object>
	<object>
		<name>kangaroo</name>
		<pose>Unspecified</pose>
		<truncated>0</truncated>
		<difficult>0</difficult>
		<bndbox>
			<xmin>649</xmin>
			<ymin>245</ymin>
			<xmax>918</xmax>
			<ymax>557</ymax>
		</bndbox>
	</object>
</annotation>
