<annotation>
	<folder>images</folder>
	<filename>kangaroo-649.jpg</filename>
	<path>/home/hugo/Documents/projects/tfjs/dataset/images/kangaroo-649.jpg</path>
	<source>
		<database>Unknown</database>
	</source>
	<size>
		<width>1300</width>
		<height>956</height>
		<depth>3</depth>
	</size>
	<segmented>0</segmented>
	<object>
		<name>kangaroo</name>
		<pose>Unspecified</pose>
		<truncated>0</truncated>
		<difficult>0</difficult>
		<bndbox>
			<xmin>615</xmin>
			<ymin>452</ymin>
			<xmax>910</xmax>
			<ymax>762</ymax>
		</bndbox>
	</object>
	<object>
		<name>kangaroo</name>
		<pose>Unspecified</pose>
		<truncated>0</truncated>
		<difficult>0</difficult>
		<bndbox>
			<xmin>1019</xmin>
			<ymin>541</ymin>
			<xmax>1242</xmax>
			<ymax>693</ymax>
		</bndbox>
	</object>
</annotation>
