<annotation>
	<folder>images</folder>
	<filename>kangaroo-72.jpg</filename>
	<path>/home/hugo/Documents/projects/tfjs/dataset/images/kangaroo-72.jpg</path>
	<source>
		<database>Unknown</database>
	</source>
	<size>
		<width>800</width>
		<height>800</height>
		<depth>3</depth>
	</size>
	<segmented>0</segmented>
	<object>
		<name>kangaroo</name>
		<pose>Unspecified</pose>
		<truncated>0</truncated>
		<difficult>0</difficult>
		<bndbox>
			<xmin>274</xmin>
			<ymin>188</ymin>
			<xmax>493</xmax>
			<ymax>672</ymax>
		</bndbox>
	</object>
</annotation>
