<annotation>
	<folder>images</folder>
	<filename>kangaroo-149.jpg</filename>
	<path>/home/hugo/Documents/projects/tfjs/dataset/images/kangaroo-149.jpg</path>
	<source>
		<database>Unknown</database>
	</source>
	<size>
		<width>1348</width>
		<height>1348</height>
		<depth>3</depth>
	</size>
	<segmented>0</segmented>
	<object>
		<name>kangaroo</name>
		<pose>Unspecified</pose>
		<truncated>0</truncated>
		<difficult>0</difficult>
		<bndbox>
			<xmin>318</xmin>
			<ymin>700</ymin>
			<xmax>1165</xmax>
			<ymax>1120</ymax>
		</bndbox>
	</object>
</annotation>
