<annotation>
	<folder>images</folder>
	<filename>kangaroo-482.jpg</filename>
	<path>/home/hugo/Documents/projects/tfjs/dataset/images/kangaroo-482.jpg</path>
	<source>
		<database>Unknown</database>
	</source>
	<size>
		<width>937</width>
		<height>773</height>
		<depth>3</depth>
	</size>
	<segmented>0</segmented>
	<object>
		<name>kangaroo</name>
		<pose>Unspecified</pose>
		<truncated>1</truncated>
		<difficult>0</difficult>
		<bndbox>
			<xmin>1</xmin>
			<ymin>303</ymin>
			<xmax>447</xmax>
			<ymax>773</ymax>
		</bndbox>
	</object>
	<object>
		<name>kangaroo</name>
		<pose>Unspecified</pose>
		<truncated>1</truncated>
		<difficult>0</difficult>
		<bndbox>
			<xmin>544</xmin>
			<ymin>432</ymin>
			<xmax>826</xmax>
			<ymax>773</ymax>
		</bndbox>
	</object>
</annotation>
