<annotation>
	<folder>images</folder>
	<filename>kangaroo-110.jpg</filename>
	<path>/home/hugo/Documents/projects/tfjs/dataset/images/kangaroo-110.jpg</path>
	<source>
		<database>Unknown</database>
	</source>
	<size>
		<width>800</width>
		<height>600</height>
		<depth>3</depth>
	</size>
	<segmented>0</segmented>
	<object>
		<name>kangaroo</name>
		<pose>Unspecified</pose>
		<truncated>1</truncated>
		<difficult>0</difficult>
		<bndbox>
			<xmin>169</xmin>
			<ymin>35</ymin>
			<xmax>533</xmax>
			<ymax>600</ymax>
		</bndbox>
	</object>
</annotation>
