<annotation>
	<folder>images</folder>
	<filename>kangaroo-571.jpg</filename>
	<path>/home/hugo/Documents/projects/tfjs/dataset/images/kangaroo-571.jpg</path>
	<source>
		<database>Unknown</database>
	</source>
	<size>
		<width>211</width>
		<height>239</height>
		<depth>3</depth>
	</size>
	<segmented>0</segmented>
	<object>
		<name>kangaroo</name>
		<pose>Unspecified</pose>
		<truncated>1</truncated>
		<difficult>0</difficult>
		<bndbox>
			<xmin>87</xmin>
			<ymin>20</ymin>
			<xmax>211</xmax>
			<ymax>237</ymax>
		</bndbox>
	</object>
</annotation>
