<annotation>
	<folder>images</folder>
	<filename>kangaroo-132.jpg</filename>
	<path>/home/hugo/Documents/projects/tfjs/dataset/images/kangaroo-132.jpg</path>
	<source>
		<database>Unknown</database>
	</source>
	<size>
		<width>1500</width>
		<height>1605</height>
		<depth>3</depth>
	</size>
	<segmented>0</segmented>
	<object>
		<name>kangaroo</name>
		<pose>Unspecified</pose>
		<truncated>0</truncated>
		<difficult>0</difficult>
		<bndbox>
			<xmin>241</xmin>
			<ymin>239</ymin>
			<xmax>1481</xmax>
			<ymax>1269</ymax>
		</bndbox>
	</object>
</annotation>
