<annotation>
	<folder>images</folder>
	<filename>kangaroo-367.jpg</filename>
	<path>/home/hugo/Documents/projects/tfjs/dataset/images/kangaroo-367.jpg</path>
	<source>
		<database>Unknown</database>
	</source>
	<size>
		<width>596</width>
		<height>820</height>
		<depth>3</depth>
	</size>
	<segmented>0</segmented>
	<object>
		<name>kangaroo</name>
		<pose>Unspecified</pose>
		<truncated>0</truncated>
		<difficult>0</difficult>
		<bndbox>
			<xmin>70</xmin>
			<ymin>148</ymin>
			<xmax>431</xmax>
			<ymax>729</ymax>
		</bndbox>
	</object>
</annotation>
