<annotation>
	<folder>images</folder>
	<filename>kangaroo-666.jpg</filename>
	<path>/home/hugo/Documents/projects/tfjs/dataset/images/kangaroo-666.jpg</path>
	<source>
		<database>Unknown</database>
	</source>
	<size>
		<width>862</width>
		<height>575</height>
		<depth>3</depth>
	</size>
	<segmented>0</segmented>
	<object>
		<name>kangaroo</name>
		<pose>Unspecified</pose>
		<truncated>0</truncated>
		<difficult>0</difficult>
		<bndbox>
			<xmin>428</xmin>
			<ymin>296</ymin>
			<xmax>835</xmax>
			<ymax>568</ymax>
		</bndbox>
	</object>
</annotation>
