<annotation>
	<folder>images</folder>
	<filename>kangaroo-274.jpg</filename>
	<path>/home/hugo/Documents/projects/tfjs/dataset/images/kangaroo-274.jpg</path>
	<source>
		<database>Unknown</database>
	</source>
	<size>
		<width>1100</width>
		<height>825</height>
		<depth>3</depth>
	</size>
	<segmented>0</segmented>
	<object>
		<name>kangaroo</name>
		<pose>Unspecified</pose>
		<truncated>0</truncated>
		<difficult>0</difficult>
		<bndbox>
			<xmin>131</xmin>
			<ymin>119</ymin>
			<xmax>477</xmax>
			<ymax>803</ymax>
		</bndbox>
	</object>
	<object>
		<name>kangaroo</name>
		<pose>Unspecified</pose>
		<truncated>0</truncated>
		<difficult>0</difficult>
		<bndbox>
			<xmin>462</xmin>
			<ymin>240</ymin>
			<xmax>1001</xmax>
			<ymax>762</ymax>
		</bndbox>
	</object>
</annotation>
