<annotation>
	<folder>images</folder>
	<filename>kangaroo-508.jpg</filename>
	<path>/home/hugo/Documents/projects/tfjs/dataset/images/kangaroo-508.jpg</path>
	<source>
		<database>Unknown</database>
	</source>
	<size>
		<width>768</width>
		<height>1024</height>
		<depth>3</depth>
	</size>
	<segmented>0</segmented>
	<object>
		<name>kangaroo</name>
		<pose>Unspecified</pose>
		<truncated>1</truncated>
		<difficult>0</difficult>
		<bndbox>
			<xmin>192</xmin>
			<ymin>48</ymin>
			<xmax>768</xmax>
			<ymax>1024</ymax>
		</bndbox>
	</object>
</annotation>
