<annotation>
	<folder>images</folder>
	<filename>kangaroo-656.jpg</filename>
	<path>/home/hugo/Documents/projects/tfjs/dataset/images/kangaroo-656.jpg</path>
	<source>
		<database>Unknown</database>
	</source>
	<size>
		<width>982</width>
		<height>726</height>
		<depth>3</depth>
	</size>
	<segmented>0</segmented>
	<object>
		<name>kangaroo</name>
		<pose>Unspecified</pose>
		<truncated>0</truncated>
		<difficult>0</difficult>
		<bndbox>
			<xmin>243</xmin>
			<ymin>137</ymin>
			<xmax>687</xmax>
			<ymax>644</ymax>
		</bndbox>
	</object>
</annotation>
