<annotation>
	<folder>images</folder>
	<filename>kangaroo-221.jpg</filename>
	<path>/home/hugo/Documents/projects/tfjs/dataset/images/kangaroo-221.jpg</path>
	<source>
		<database>Unknown</database>
	</source>
	<size>
		<width>1200</width>
		<height>1600</height>
		<depth>3</depth>
	</size>
	<segmented>0</segmented>
	<object>
		<name>kangaroo</name>
		<pose>Unspecified</pose>
		<truncated>0</truncated>
		<difficult>0</difficult>
		<bndbox>
			<xmin>326</xmin>
			<ymin>211</ymin>
			<xmax>1052</xmax>
			<ymax>1508</ymax>
		</bndbox>
	</object>
</annotation>
