<annotation>
	<folder>images</folder>
	<filename>kangaroo-342.jpg</filename>
	<path>/home/hugo/Documents/projects/tfjs/dataset/images/kangaroo-342.jpg</path>
	<source>
		<database>Unknown</database>
	</source>
	<size>
		<width>1200</width>
		<height>600</height>
		<depth>3</depth>
	</size>
	<segmented>0</segmented>
	<object>
		<name>kangaroo</name>
		<pose>Unspecified</pose>
		<truncated>0</truncated>
		<difficult>0</difficult>
		<bndbox>
			<xmin>205</xmin>
			<ymin>88</ymin>
			<xmax>913</xmax>
			<ymax>582</ymax>
		</bndbox>
	</object>
</annotation>
