<annotation>
	<folder>images</folder>
	<filename>kangaroo-53.jpg</filename>
	<path>/home/hugo/Documents/projects/tfjs/dataset/images/kangaroo-53.jpg</path>
	<source>
		<database>Unknown</database>
	</source>
	<size>
		<width>1100</width>
		<height>619</height>
		<depth>3</depth>
	</size>
	<segmented>0</segmented>
	<object>
		<name>kangaroo</name>
		<pose>Unspecified</pose>
		<truncated>0</truncated>
		<difficult>0</difficult>
		<bndbox>
			<xmin>295</xmin>
			<ymin>114</ymin>
			<xmax>531</xmax>
			<ymax>566</ymax>
		</bndbox>
	</object>
	<object>
		<name>kangaroo</name>
		<pose>Unspecified</pose>
		<truncated>0</truncated>
		<difficult>0</difficult>
		<bndbox>
			<xmin>545</xmin>
			<ymin>118</ymin>
			<xmax>815</xmax>
			<ymax>564</ymax>
		</bndbox>
	</object>
</annotation>
