<annotation>
	<folder>images</folder>
	<filename>kangaroo-501.jpg</filename>
	<path>/home/hugo/Documents/projects/tfjs/dataset/images/kangaroo-501.jpg</path>
	<source>
		<database>Unknown</database>
	</source>
	<size>
		<width>1300</width>
		<height>956</height>
		<depth>3</depth>
	</size>
	<segmented>0</segmented>
	<object>
		<name>kangaroo</name>
		<pose>Unspecified</pose>
		<truncated>0</truncated>
		<difficult>0</difficult>
		<bndbox>
			<xmin>414</xmin>
			<ymin>267</ymin>
			<xmax>948</xmax>
			<ymax>726</ymax>
		</bndbox>
	</object>
</annotation>
