<annotation>
	<folder>images</folder>
	<filename>kangaroo-634.jpg</filename>
	<path>/home/hugo/Documents/projects/tfjs/dataset/images/kangaroo-634.jpg</path>
	<source>
		<database>Unknown</database>
	</source>
	<size>
		<width>1920</width>
		<height>1080</height>
		<depth>3</depth>
	</size>
	<segmented>0</segmented>
	<object>
		<name>kangaroo</name>
		<pose>Unspecified</pose>
		<truncated>0</truncated>
		<difficult>0</difficult>
		<bndbox>
			<xmin>919</xmin>
			<ymin>141</ymin>
			<xmax>1422</xmax>
			<ymax>810</ymax>
		</bndbox>
	</object>
</annotation>
