<annotation>
	<folder>images</folder>
	<filename>kangaroo-474.jpg</filename>
	<path>/home/hugo/Documents/projects/tfjs/dataset/images/kangaroo-474.jpg</path>
	<source>
		<database>Unknown</database>
	</source>
	<size>
		<width>266</width>
		<height>190</height>
		<depth>3</depth>
	</size>
	<segmented>0</segmented>
	<object>
		<name>kangaroo</name>
		<pose>Unspecified</pose>
		<truncated>0</truncated>
		<difficult>0</difficult>
		<bndbox>
			<xmin>37</xmin>
			<ymin>64</ymin>
			<xmax>158</xmax>
			<ymax>180</ymax>
		</bndbox>
	</object>
</annotation>
