<annotation>
	<folder>images</folder>
	<filename>kangaroo-62.jpg</filename>
	<path>/home/hugo/Documents/projects/tfjs/dataset/images/kangaroo-62.jpg</path>
	<source>
		<database>Unknown</database>
	</source>
	<size>
		<width>1200</width>
		<height>800</height>
		<depth>3</depth>
	</size>
	<segmented>0</segmented>
	<object>
		<name>kangaroo</name>
		<pose>Unspecified</pose>
		<truncated>0</truncated>
		<difficult>0</difficult>
		<bndbox>
			<xmin>379</xmin>
			<ymin>80</ymin>
			<xmax>786</xmax>
			<ymax>768</ymax>
		</bndbox>
	</object>
	<object>
		<name>kangaroo</name>
		<pose>Unspecified</pose>
		<truncated>0</truncated>
		<difficult>0</difficult>
		<bndbox>
			<xmin>809</xmin>
			<ymin>147</ymin>
			<xmax>1020</xmax>
			<ymax>333</ymax>
		</bndbox>
	</object>
</annotation>
