<annotation>
	<folder>images</folder>
	<filename>kangaroo-590.jpg</filename>
	<path>/home/hugo/Documents/projects/tfjs/dataset/images/kangaroo-590.jpg</path>
	<source>
		<database>Unknown</database>
	</source>
	<size>
		<width>800</width>
		<height>917</height>
		<depth>3</depth>
	</size>
	<segmented>0</segmented>
	<object>
		<name>kangaroo</name>
		<pose>Unspecified</pose>
		<truncated>0</truncated>
		<difficult>0</difficult>
		<bndbox>
			<xmin>10</xmin>
			<ymin>6</ymin>
			<xmax>784</xmax>
			<ymax>888</ymax>
		</bndbox>
	</object>
</annotation>
