<annotation>
	<folder>images</folder>
	<filename>kangaroo-680.jpg</filename>
	<path>/home/hugo/Documents/projects/tfjs/dataset/images/kangaroo-680.jpg</path>
	<source>
		<database>Unknown</database>
	</source>
	<size>
		<width>1280</width>
		<height>720</height>
		<depth>3</depth>
	</size>
	<segmented>0</segmented>
	<object>
		<name>kangaroo</name>
		<pose>Unspecified</pose>
		<truncated>0</truncated>
		<difficult>0</difficult>
		<bndbox>
			<xmin>216</xmin>
			<ymin>18</ymin>
			<xmax>614</xmax>
			<ymax>716</ymax>
		</bndbox>
	</object>
	<object>
		<name>kangaroo</name>
		<pose>Unspecified</pose>
		<truncated>1</truncated>
		<difficult>0</difficult>
		<bndbox>
			<xmin>612</xmin>
			<ymin>68</ymin>
			<xmax>1011</xmax>
			<ymax>720</ymax>
		</bndbox>
	</object>
</annotation>
