<annotation>
	<folder>images</folder>
	<filename>kangaroo-411.jpg</filename>
	<path>/home/hugo/Documents/projects/tfjs/dataset/images/kangaroo-411.jpg</path>
	<source>
		<database>Unknown</database>
	</source>
	<size>
		<width>183</width>
		<height>275</height>
		<depth>3</depth>
	</size>
	<segmented>0</segmented>
	<object>
		<name>kangaroo</name>
		<pose>Unspecified</pose>
		<truncated>0</truncated>
		<difficult>0</difficult>
		<bndbox>
			<xmin>20</xmin>
			<ymin>13</ymin>
			<xmax>181</xmax>
			<ymax>272</ymax>
		</bndbox>
	</object>
</annotation>
