<annotation>
	<folder>images</folder>
	<filename>kangaroo-361.jpg</filename>
	<path>/home/hugo/Documents/projects/tfjs/dataset/images/kangaroo-361.jpg</path>
	<source>
		<database>Unknown</database>
	</source>
	<size>
		<width>275</width>
		<height>183</height>
		<depth>3</depth>
	</size>
	<segmented>0</segmented>
	<object>
		<name>kangaroo</name>
		<pose>Unspecified</pose>
		<truncated>0</truncated>
		<difficult>0</difficult>
		<bndbox>
			<xmin>98</xmin>
			<ymin>13</ymin>
			<xmax>170</xmax>
			<ymax>177</ymax>
		</bndbox>
	</object>
</annotation>
