<annotation>
	<folder>images</folder>
	<filename>kangaroo-234.jpg</filename>
	<path>/home/hugo/Documents/projects/tfjs/dataset/images/kangaroo-234.jpg</path>
	<source>
		<database>Unknown</database>
	</source>
	<size>
		<width>1129</width>
		<height>1129</height>
		<depth>3</depth>
	</size>
	<segmented>0</segmented>
	<object>
		<name>kangaroo</name>
		<pose>Unspecified</pose>
		<truncated>0</truncated>
		<difficult>0</difficult>
		<bndbox>
			<xmin>58</xmin>
			<ymin>335</ymin>
			<xmax>211</xmax>
			<ymax>828</ymax>
		</bndbox>
	</object>
	<object>
		<name>kangaroo</name>
		<pose>Unspecified</pose>
		<truncated>0</truncated>
		<difficult>0</difficult>
		<bndbox>
			<xmin>739</xmin>
			<ymin>388</ymin>
			<xmax>954</xmax>
			<ymax>748</ymax>
		</bndbox>
	</object>
	<object>
		<name>kangaroo</name>
		<pose>Unspecified</pose>
		<truncated>0</truncated>
		<difficult>0</difficult>
		<bndbox>
			<xmin>301</xmin>
			<ymin>426</ymin>
			<xmax>407</xmax>
			<ymax>712</ymax>
		</bndbox>
	</object>
	<object>
		<name>kangaroo</name>
		<pose>Unspecified</pose>
		<truncated>0</truncated>
		<difficult>0</difficult>
		<bndbox>
			<xmin>186</xmin>
			<ymin>340</ymin>
			<xmax>331</xmax>
			<ymax>540</ymax>
		</bndbox>
	</object>
</annotation>
